Buchungskreis,Vertragsnummer,Buchungsdatum,Bruttowarmmiete,Nettomiete,Heizkosten,Betriebskosten
5678,02565-6321-00,1/1/2021,"  1,368.00 € ","  1,094.40 € ",  136.80 € ,  136.80 € 
5678,02565-6321-00,1/15/2021,  656.64 € ,  525.31 € ,  65.66 € ,  65.66 € 
5678,02565-6321-00,2/1/2021,"  1,389.89 € ","  1,116.29 € ",  136.80 € ,  136.80 € 
5678,02565-6321-00,2/15/2021,  667.15 € ,  535.82 € ,  65.66 € ,  65.66 € 
5678,02565-6321-00,3/1/2021,"  1,433.66 € ","  1,160.06 € ",  136.80 € ,  136.80 € 
5678,02565-6321-00,3/15/2021,  688.16 € ,  556.83 € ,  65.66 € ,  65.66 € 
5678,02565-4405-00,1/1/2021,  918.00 € ,  734.40 € ,  91.80 € ,  91.80 € 
5678,02565-4405-00,1/15/2021,  266.22 € ,  212.98 € ,  26.62 € ,  26.62 € 
5678,02565-4405-00,2/1/2021,  932.69 € ,  749.09 € ,  91.80 € ,  91.80 € 
5678,02565-4405-00,2/15/2021,  270.48 € ,  217.24 € ,  26.62 € ,  26.62 € 
5678,02565-4405-00,3/1/2021,  962.06 € ,  778.46 € ,  91.80 € ,  91.80 € 
5678,02565-4405-00,3/15/2021,  279.00 € ,  225.75 € ,  26.62 € ,  26.62 € 
5678,02565-7918-00,1/1/2021,"  1,674.00 € ","  1,339.20 € ",  167.40 € ,  167.40 € 
5678,02565-7918-00,1/15/2021,  552.42 € ,  441.94 € ,  55.24 € ,  55.24 € 
5678,02565-7918-00,2/1/2021,"  1,700.78 € ","  1,365.98 € ",  167.40 € ,  167.40 € 
5678,02565-7918-00,2/15/2021,  561.26 € ,  450.77 € ,  55.24 € ,  55.24 € 
5678,02565-7918-00,3/1/2021,"  1,754.35 € ","  1,419.55 € ",  167.40 € ,  167.40 € 
5678,02565-7918-00,3/15/2021,  578.94 € ,  468.45 € ,  55.24 € ,  55.24 € 
5678,02565-7785-00,1/1/2021,"  1,063.00 € ",  850.40 € ,  106.30 € ,  106.30 € 
5678,02565-7785-00,1/15/2021,  680.32 € ,  544.26 € ,  68.03 € ,  68.03 € 
5678,02565-7785-00,2/1/2021,"  1,016.00 € ",  816.00 € ,  100.00 € ,  100.00 € 
5678,02565-7785-00,2/15/2021,  691.21 € ,  555.14 € ,  68.03 € ,  68.03 € 
5678,02565-7785-00,3/1/2021,"  1,114.02 € ",  901.42 € ,  106.30 € ,  106.30 € 
5678,02565-7785-00,3/15/2021,  712.98 € ,  576.91 € ,  68.03 € ,  68.03 € 
5678,02565-4780-00,1/1/2021,  622.00 € ,  497.60 € ,  62.20 € ,  62.20 € 
5678,02565-4780-00,1/15/2021,  180.38 € ,  144.30 € ,  18.04 € ,  18.04 € 
5678,02565-4780-00,2/1/2021,  631.95 € ,  507.55 € ,  62.20 € ,  62.20 € 
5678,02565-4780-00,2/15/2021,  183.27 € ,  147.19 € ,  18.04 € ,  18.04 € 
5678,02565-4780-00,3/1/2021,  651.86 € ,  527.46 € ,  62.20 € ,  62.20 € 
5678,02565-4780-00,3/15/2021,  189.04 € ,  152.96 € ,  18.04 € ,  18.04 € 
5678,02565-8042-00,1/1/2021,  694.00 € ,  555.20 € ,  69.40 € ,  69.40 € 
5678,02565-8042-00,1/15/2021,  194.32 € ,  155.46 € ,  19.43 € ,  19.43 € 
5678,02565-8042-00,2/1/2021,  705.10 € ,  566.30 € ,  69.40 € ,  69.40 € 
5678,02565-8042-00,2/15/2021,  197.43 € ,  158.57 € ,  19.43 € ,  19.43 € 
5678,02565-8042-00,3/1/2021,  727.31 € ,  588.51 € ,  69.40 € ,  69.40 € 
5678,02565-8042-00,3/15/2021,  203.65 € ,  164.78 € ,  19.43 € ,  19.43 € 
5678,02565-4748-00,1/1/2021,  462.00 € ,  369.60 € ,  46.20 € ,  46.20 € 
5678,02565-4748-00,1/15/2021,  180.18 € ,  144.14 € ,  18.02 € ,  18.02 € 
5678,02565-4748-00,2/1/2021,  469.39 € ,  376.99 € ,  46.20 € ,  46.20 € 
5678,02565-4748-00,2/15/2021,  183.06 € ,  147.03 € ,  18.02 € ,  18.02 € 
5678,02565-4748-00,3/1/2021,  484.18 € ,  391.78 € ,  46.20 € ,  46.20 € 
5678,02565-4748-00,3/15/2021,  188.83 € ,  152.79 € ,  18.02 € ,  18.02 € 
5678,02565-3860-00,1/1/2021,  282.00 € ,  225.60 € ,  28.20 € ,  28.20 € 
5678,02565-3860-00,1/15/2021,  186.12 € ,  148.90 € ,  18.61 € ,  18.61 € 
5678,02565-3860-00,2/1/2021,  286.51 € ,  230.11 € ,  28.20 € ,  28.20 € 
5678,02565-3860-00,2/15/2021,  189.10 € ,  151.87 € ,  18.61 € ,  18.61 € 
5678,02565-3860-00,3/1/2021,  295.54 € ,  239.14 € ,  28.20 € ,  28.20 € 
5678,02565-3860-00,3/15/2021,  195.05 € ,  157.83 € ,  18.61 € ,  18.61 € 
5678,02565-2274-00,1/1/2021,  568.00 € ,  454.40 € ,  56.80 € ,  56.80 € 
5678,02565-2274-00,1/15/2021,  448.72 € ,  358.98 € ,  44.87 € ,  44.87 € 
5678,02565-2274-00,2/1/2021,  577.09 € ,  463.49 € ,  56.80 € ,  56.80 € 
5678,02565-2274-00,2/15/2021,  455.90 € ,  366.16 € ,  44.87 € ,  44.87 € 
5678,02565-2274-00,3/1/2021,  595.26 € ,  481.66 € ,  56.80 € ,  56.80 € 
5678,02565-2274-00,3/15/2021,  470.26 € ,  380.51 € ,  44.87 € ,  44.87 € 
5678,02565-3607-00,1/1/2021,"  1,374.00 € ","  1,099.20 € ",  137.40 € ,  137.40 € 
5678,02565-3607-00,1/15/2021,  810.66 € ,  648.53 € ,  81.07 € ,  81.07 € 
5678,02565-3607-00,2/1/2021,"  1,395.98 € ","  1,121.18 € ",  137.40 € ,  137.40 € 
5678,02565-3607-00,2/15/2021,  823.63 € ,  661.50 € ,  81.07 € ,  81.07 € 
5678,02565-3607-00,3/1/2021,"  1,439.95 € ","  1,165.15 € ",  137.40 € ,  137.40 € 
5678,02565-3607-00,3/15/2021,  849.57 € ,  687.44 € ,  81.07 € ,  81.07 € 
5678,02565-5205-00,1/1/2021,  713.00 € ,  570.40 € ,  71.30 € ,  71.30 € 
5678,02565-5205-00,1/15/2021,  499.10 € ,  399.28 € ,  49.91 € ,  49.91 € 
5678,02565-5205-00,2/1/2021,  724.41 € ,  581.81 € ,  71.30 € ,  71.30 € 
5678,02565-5205-00,2/15/2021,  507.09 € ,  407.27 € ,  49.91 € ,  49.91 € 
5678,02565-5205-00,3/1/2021,  747.22 € ,  604.62 € ,  71.30 € ,  71.30 € 
5678,02565-5205-00,3/15/2021,  523.06 € ,  423.24 € ,  49.91 € ,  49.91 € 
5678,02565-8038-00,1/1/2021,  913.00 € ,  730.40 € ,  91.30 € ,  91.30 € 
5678,02565-8038-00,1/15/2021,  200.00 € ,  160.00 € ,  20.00 € ,  20.00 € 
5678,02565-8038-00,2/1/2021,  927.61 € ,  745.01 € ,  91.30 € ,  91.30 € 
5678,02565-8038-00,2/15/2021,  241.18 € ,  193.70 € ,  23.74 € ,  23.74 € 
5678,02565-8038-00,3/1/2021,  956.82 € ,  774.22 € ,  91.30 € ,  91.30 € 
5678,02565-8038-00,3/15/2021,  248.77 € ,  201.30 € ,  23.74 € ,  23.74 € 
5678,02565-7672-00,1/1/2021,  761.00 € ,  608.80 € ,  76.10 € ,  76.10 € 
5678,02565-7672-00,1/15/2021,  327.23 € ,  261.78 € ,  32.72 € ,  32.72 € 
5678,02565-7672-00,2/1/2021,  773.18 € ,  620.98 € ,  76.10 € ,  76.10 € 
5678,02565-7672-00,2/15/2021,  332.47 € ,  267.02 € ,  32.72 € ,  32.72 € 
5678,02565-7672-00,3/1/2021,  797.53 € ,  645.33 € ,  76.10 € ,  76.10 € 
5678,02565-7672-00,3/15/2021,  342.94 € ,  277.49 € ,  32.72 € ,  32.72 € 
5678,02565-2689-00,1/1/2021,"  1,658.00 € ","  1,326.40 € ",  165.80 € ,  165.80 € 
5678,02565-2689-00,1/15/2021,  646.62 € ,  517.30 € ,  64.66 € ,  64.66 € 
5678,02565-2689-00,2/1/2021,"  1,684.53 € ","  1,352.93 € ",  165.80 € ,  165.80 € 
5678,02565-2689-00,2/15/2021,  656.97 € ,  527.64 € ,  64.66 € ,  64.66 € 
5678,02565-2689-00,3/1/2021,"  1,737.58 € ","  1,405.98 € ",  165.80 € ,  165.80 € 
5678,02565-2689-00,3/15/2021,  677.66 € ,  548.33 € ,  64.66 € ,  64.66 € 
5678,02565-3574-00,1/1/2021,"  1,255.00 € ","  1,004.00 € ",  125.50 € ,  125.50 € 
5678,02565-3574-00,1/15/2021,  916.15 € ,  732.92 € ,  91.62 € ,  91.62 € 
5678,02565-3574-00,2/1/2021,"  1,275.08 € ","  1,024.08 € ",  125.50 € ,  125.50 € 
5678,02565-3574-00,2/15/2021,  930.81 € ,  747.58 € ,  91.62 € ,  91.62 € 
5678,02565-3574-00,3/1/2021,"  1,315.24 € ","  1,064.24 € ",  125.50 € ,  125.50 € 
5678,02565-3574-00,3/15/2021,  960.13 € ,  776.90 € ,  91.62 € ,  91.62 € 
5678,02565-8024-00,1/1/2021,  358.00 € ,  286.40 € ,  35.80 € ,  35.80 € 
5678,02565-8024-00,1/15/2021,  200.48 € ,  160.38 € ,  20.05 € ,  20.05 € 
5678,02565-8024-00,2/1/2021,  363.73 € ,  292.13 € ,  35.80 € ,  35.80 € 
5678,02565-8024-00,2/15/2021,  203.69 € ,  163.59 € ,  20.05 € ,  20.05 € 
5678,02565-8024-00,3/1/2021,  375.18 € ,  303.58 € ,  35.80 € ,  35.80 € 
5678,02565-8024-00,3/15/2021,  210.10 € ,  170.01 € ,  20.05 € ,  20.05 € 
5678,02565-1748-00,1/1/2021,"  1,895.00 € ","  1,516.00 € ",  189.50 € ,  189.50 € 
5678,02565-1748-00,1/15/2021,  985.40 € ,  788.32 € ,  98.54 € ,  98.54 € 
5678,02565-1748-00,2/1/2021,"  1,925.32 € ","  1,546.32 € ",  189.50 € ,  189.50 € 
5678,02565-1748-00,2/15/2021,"  1,001.17 € ",  804.09 € ,  98.54 € ,  98.54 € 
5678,02565-1748-00,3/1/2021,"  1,985.96 € ","  1,606.96 € ",  189.50 € ,  189.50 € 
5678,02565-1748-00,3/15/2021,"  1,032.70 € ",  835.62 € ,  98.54 € ,  98.54 € 
5678,02565-3562-00,1/1/2021,  733.00 € ,  586.40 € ,  73.30 € ,  73.30 € 
5678,02565-3562-00,1/15/2021,  307.86 € ,  246.29 € ,  30.79 € ,  30.79 € 
5678,02565-3562-00,2/1/2021,  744.73 € ,  598.13 € ,  73.30 € ,  73.30 € 
5678,02565-3562-00,2/15/2021,  312.79 € ,  251.21 € ,  30.79 € ,  30.79 € 
5678,02565-3562-00,3/1/2021,  768.18 € ,  621.58 € ,  73.30 € ,  73.30 € 
5678,02565-3562-00,3/15/2021,  322.64 € ,  261.07 € ,  30.79 € ,  30.79 € 
5678,02565-1869-00,1/1/2021,"  1,663.00 € ","  1,330.40 € ",  166.30 € ,  166.30 € 
5678,02565-1869-00,1/15/2021,  598.68 € ,  478.94 € ,  59.87 € ,  59.87 € 
5678,02565-1869-00,2/1/2021,"  1,689.61 € ","  1,357.01 € ",  166.30 € ,  166.30 € 
5678,02565-1869-00,2/15/2021,  608.26 € ,  488.52 € ,  59.87 € ,  59.87 € 
5678,02565-1869-00,3/1/2021,"  1,742.82 € ","  1,410.22 € ",  166.30 € ,  166.30 € 
5678,02565-1869-00,3/15/2021,  627.42 € ,  507.68 € ,  59.87 € ,  59.87 € 
5678,02565-6772-00,1/1/2021,  220.00 € ,  176.00 € ,  22.00 € ,  22.00 € 
5678,02565-6772-00,1/15/2021,  143.00 € ,  114.40 € ,  14.30 € ,  14.30 € 
5678,02565-6772-00,2/1/2021,  223.52 € ,  179.52 € ,  22.00 € ,  22.00 € 
5678,02565-6772-00,2/15/2021,  145.29 € ,  116.69 € ,  14.30 € ,  14.30 € 
5678,02565-6772-00,3/1/2021,  230.56 € ,  186.56 € ,  22.00 € ,  22.00 € 
5678,02565-6772-00,3/15/2021,  149.86 € ,  121.26 € ,  14.30 € ,  14.30 € 
5678,02565-4801-00,1/1/2021,  867.00 € ,  693.60 € ,  86.70 € ,  86.70 € 
5678,02565-4801-00,1/15/2021,  225.42 € ,  180.34 € ,  22.54 € ,  22.54 € 
5678,02565-4801-00,2/1/2021,  880.87 € ,  707.47 € ,  86.70 € ,  86.70 € 
5678,02565-4801-00,2/15/2021,  229.03 € ,  183.94 € ,  22.54 € ,  22.54 € 
5678,02565-4801-00,3/1/2021,  908.62 € ,  735.22 € ,  86.70 € ,  86.70 € 
5678,02565-4801-00,3/15/2021,  236.24 € ,  191.16 € ,  22.54 € ,  22.54 € 
5678,02565-4226-00,1/1/2021,"  1,626.00 € ","  1,300.80 € ",  162.60 € ,  162.60 € 
5678,02565-4226-00,1/15/2021,  487.80 € ,  390.24 € ,  48.78 € ,  48.78 € 
5678,02565-4226-00,2/1/2021,"  1,652.02 € ","  1,326.82 € ",  162.60 € ,  162.60 € 
5678,02565-4226-00,2/15/2021,  495.60 € ,  398.04 € ,  48.78 € ,  48.78 € 
5678,02565-4226-00,3/1/2021,"  1,704.05 € ","  1,378.85 € ",  162.60 € ,  162.60 € 
5678,02565-4226-00,3/15/2021,  511.21 € ,  413.65 € ,  48.78 € ,  48.78 € 
5678,02565-4922-00,1/1/2021,  240.00 € ,  192.00 € ,  24.00 € ,  24.00 € 
5678,02565-4922-00,1/15/2021,  64.80 € ,  51.84 € ,  6.48 € ,  6.48 € 
5678,02565-4922-00,2/1/2021,  243.84 € ,  195.84 € ,  24.00 € ,  24.00 € 
5678,02565-4922-00,2/15/2021,  65.84 € ,  52.88 € ,  6.48 € ,  6.48 € 
5678,02565-4922-00,3/1/2021,  251.52 € ,  203.52 € ,  24.00 € ,  24.00 € 
5678,02565-4922-00,3/15/2021,  67.91 € ,  54.95 € ,  6.48 € ,  6.48 € 
5678,02565-6220-00,1/1/2021,"  1,661.00 € ","  1,328.80 € ",  166.10 € ,  166.10 € 
5678,02565-6220-00,1/15/2021,  531.52 € ,  425.22 € ,  53.15 € ,  53.15 € 
5678,02565-6220-00,2/1/2021,"  1,687.58 € ","  1,355.38 € ",  166.10 € ,  166.10 € 
5678,02565-6220-00,2/15/2021,  540.02 € ,  433.72 € ,  53.15 € ,  53.15 € 
5678,02565-6220-00,3/1/2021,"  1,740.73 € ","  1,408.53 € ",  166.10 € ,  166.10 € 
5678,02565-6220-00,3/15/2021,  557.03 € ,  450.73 € ,  53.15 € ,  53.15 € 
5678,02565-5832-00,1/1/2021,"  1,211.00 € ",  968.80 € ,  121.10 € ,  121.10 € 
5678,02565-5832-00,1/15/2021,  775.04 € ,  620.03 € ,  77.50 € ,  77.50 € 
5678,02565-5832-00,2/1/2021,"  1,230.38 € ",  988.18 € ,  121.10 € ,  121.10 € 
5678,02565-5832-00,2/15/2021,  787.44 € ,  632.43 € ,  77.50 € ,  77.50 € 
5678,02565-5832-00,3/1/2021,"  1,269.13 € ","  1,026.93 € ",  121.10 € ,  121.10 € 
5678,02565-5832-00,3/15/2021,  812.24 € ,  657.23 € ,  77.50 € ,  77.50 € 
5678,02565-6380-00,1/1/2021,"  1,445.00 € ","  1,156.00 € ",  144.50 € ,  144.50 € 
5678,02565-6380-00,1/15/2021,  679.15 € ,  543.32 € ,  67.92 € ,  67.92 € 
5678,02565-6380-00,2/1/2021,"  1,468.12 € ","  1,179.12 € ",  144.50 € ,  144.50 € 
5678,02565-6380-00,2/15/2021,  690.02 € ,  554.19 € ,  67.92 € ,  67.92 € 
5678,02565-6380-00,3/1/2021,"  1,514.36 € ","  1,225.36 € ",  144.50 € ,  144.50 € 
5678,02565-6380-00,3/15/2021,  711.75 € ,  575.92 € ,  67.92 € ,  67.92 € 
5678,02565-4881-00,1/1/2021,"  1,771.00 € ","  1,416.80 € ",  177.10 € ,  177.10 € 
5678,02565-4881-00,1/15/2021,"  1,080.31 € ",  864.25 € ,  108.03 € ,  108.03 € 
5678,02565-4881-00,2/1/2021,"  1,799.34 € ","  1,445.14 € ",  177.10 € ,  177.10 € 
5678,02565-4881-00,2/15/2021,"  1,097.59 € ",  881.53 € ,  108.03 € ,  108.03 € 
5678,02565-4881-00,3/1/2021,"  1,856.01 € ","  1,501.81 € ",  177.10 € ,  177.10 € 
5678,02565-4881-00,3/15/2021,"  1,132.16 € ",  916.10 € ,  108.03 € ,  108.03 € 
5678,02565-5603-00,1/1/2021,"  1,267.00 € ","  1,013.60 € ",  126.70 € ,  126.70 € 
5678,02565-5603-00,1/15/2021,  696.85 € ,  557.48 € ,  69.69 € ,  69.69 € 
5678,02565-5603-00,2/1/2021,"  1,287.27 € ","  1,033.87 € ",  126.70 € ,  126.70 € 
5678,02565-5603-00,2/15/2021,  708.00 € ,  568.63 € ,  69.69 € ,  69.69 € 
5678,02565-5603-00,3/1/2021,"  1,327.82 € ","  1,074.42 € ",  126.70 € ,  126.70 € 
5678,02565-5603-00,3/15/2021,  730.30 € ,  590.93 € ,  69.69 € ,  69.69 € 
5678,02565-6087-00,1/1/2021,  920.00 € ,  736.00 € ,  92.00 € ,  92.00 € 
5678,02565-6087-00,1/15/2021,  257.60 € ,  206.08 € ,  25.76 € ,  25.76 € 
5678,02565-6087-00,2/1/2021,  934.72 € ,  750.72 € ,  92.00 € ,  92.00 € 
5678,02565-6087-00,2/15/2021,  261.72 € ,  210.20 € ,  25.76 € ,  25.76 € 
5678,02565-6087-00,3/1/2021,  964.16 € ,  780.16 € ,  92.00 € ,  92.00 € 
5678,02565-6087-00,3/15/2021,  269.96 € ,  218.44 € ,  25.76 € ,  25.76 € 
5678,02565-6045-00,1/1/2021,"  1,471.00 € ","  1,176.80 € ",  147.10 € ,  147.10 € 
5678,02565-6045-00,1/15/2021,"  1,029.70 € ",  823.76 € ,  102.97 € ,  102.97 € 
5678,02565-6045-00,2/1/2021,"  1,494.54 € ","  1,200.34 € ",  147.10 € ,  147.10 € 
5678,02565-6045-00,2/15/2021,"  1,046.18 € ",  840.24 € ,  102.97 € ,  102.97 € 
5678,02565-6045-00,3/1/2021,"  1,541.61 € ","  1,247.41 € ",  147.10 € ,  147.10 € 
5678,02565-6045-00,3/15/2021,"  1,079.13 € ",  873.19 € ,  102.97 € ,  102.97 € 
5678,02565-7431-00,1/1/2021,"  1,059.00 € ",  847.20 € ,  105.90 € ,  105.90 € 
5678,02565-7431-00,1/15/2021,  423.60 € ,  338.88 € ,  42.36 € ,  42.36 € 
5678,02565-7431-00,2/1/2021,"  1,075.94 € ",  864.14 € ,  105.90 € ,  105.90 € 
5678,02565-7431-00,2/15/2021,  430.38 € ,  345.66 € ,  42.36 € ,  42.36 € 
5678,02565-7431-00,3/1/2021,"  1,109.83 € ",  898.03 € ,  105.90 € ,  105.90 € 
5678,02565-7431-00,3/15/2021,  443.93 € ,  359.21 € ,  42.36 € ,  42.36 € 
5678,02565-2930-00,1/1/2021,"  1,278.00 € ","  1,022.40 € ",  127.80 € ,  127.80 € 
5678,02565-2930-00,1/15/2021,  255.60 € ,  204.48 € ,  25.56 € ,  25.56 € 
5678,02565-2930-00,2/1/2021,"  1,298.45 € ","  1,042.85 € ",  127.80 € ,  127.80 € 
5678,02565-2930-00,2/15/2021,  259.69 € ,  208.57 € ,  25.56 € ,  25.56 € 
5678,02565-2930-00,3/1/2021,"  1,339.34 € ","  1,083.74 € ",  127.80 € ,  127.80 € 
5678,02565-2930-00,3/15/2021,  267.87 € ,  216.75 € ,  25.56 € ,  25.56 € 
5678,02565-1955-00,1/1/2021,  813.00 € ,  650.40 € ,  81.30 € ,  81.30 € 
5678,02565-1955-00,1/15/2021,  544.71 € ,  435.77 € ,  54.47 € ,  54.47 € 
5678,02565-1955-00,2/1/2021,  826.01 € ,  663.41 € ,  81.30 € ,  81.30 € 
5678,02565-1955-00,2/15/2021,  553.43 € ,  444.48 € ,  54.47 € ,  54.47 € 
5678,02565-1955-00,3/1/2021,  852.02 € ,  689.42 € ,  81.30 € ,  81.30 € 
5678,02565-1955-00,3/15/2021,  570.86 € ,  461.91 € ,  54.47 € ,  54.47 € 
5678,02565-7852-00,1/1/2021,  540.00 € ,  432.00 € ,  54.00 € ,  54.00 € 
5678,02565-7852-00,1/15/2021,  216.00 € ,  172.80 € ,  21.60 € ,  21.60 € 
5678,02565-7852-00,2/1/2021,  548.64 € ,  440.64 € ,  54.00 € ,  54.00 € 
5678,02565-7852-00,2/15/2021,  219.46 € ,  176.26 € ,  21.60 € ,  21.60 € 
5678,02565-7852-00,3/1/2021,  565.92 € ,  457.92 € ,  54.00 € ,  54.00 € 
5678,02565-7852-00,3/15/2021,  226.37 € ,  183.17 € ,  21.60 € ,  21.60 € 
5678,02565-2997-00,1/1/2021,"  1,109.00 € ",  887.20 € ,  110.90 € ,  110.90 € 
5678,02565-2997-00,1/15/2021,  443.60 € ,  354.88 € ,  44.36 € ,  44.36 € 
5678,02565-2997-00,2/1/2021,"  1,126.74 € ",  904.94 € ,  110.90 € ,  110.90 € 
5678,02565-2997-00,2/15/2021,  450.70 € ,  361.98 € ,  44.36 € ,  44.36 € 
5678,02565-2997-00,3/1/2021,"  1,162.23 € ",  940.43 € ,  110.90 € ,  110.90 € 
5678,02565-2997-00,3/15/2021,  464.89 € ,  376.17 € ,  44.36 € ,  44.36 € 
5678,02565-3320-00,1/1/2021,  584.00 € ,  467.20 € ,  58.40 € ,  58.40 € 
5678,02565-3320-00,1/15/2021,  309.52 € ,  247.62 € ,  30.95 € ,  30.95 € 
5678,02565-3320-00,2/1/2021,  593.34 € ,  476.54 € ,  58.40 € ,  58.40 € 
5678,02565-3320-00,2/15/2021,  314.47 € ,  252.57 € ,  30.95 € ,  30.95 € 
5678,02565-3320-00,3/1/2021,  612.03 € ,  495.23 € ,  58.40 € ,  58.40 € 
5678,02565-3320-00,3/15/2021,  324.38 € ,  262.47 € ,  30.95 € ,  30.95 € 
5678,02565-6247-00,1/1/2021,"  1,931.00 € ","  1,544.80 € ",  193.10 € ,  193.10 € 
5678,02565-6247-00,1/15/2021,  405.51 € ,  324.41 € ,  40.55 € ,  40.55 € 
5678,02565-6247-00,2/1/2021,"  1,961.90 € ","  1,575.70 € ",  193.10 € ,  193.10 € 
5678,02565-6247-00,2/15/2021,  412.00 € ,  330.90 € ,  40.55 € ,  40.55 € 
5678,02565-6247-00,3/1/2021,"  2,023.69 € ","  1,637.49 € ",  193.10 € ,  193.10 € 
5678,02565-6247-00,3/15/2021,  424.97 € ,  343.87 € ,  40.55 € ,  40.55 € 
5678,02565-3297-00,1/1/2021,  817.00 € ,  653.60 € ,  81.70 € ,  81.70 € 
5678,02565-3297-00,1/15/2021,  563.73 € ,  450.98 € ,  56.37 € ,  56.37 € 
5678,02565-3297-00,2/1/2021,  830.07 € ,  666.67 € ,  81.70 € ,  81.70 € 
5678,02565-3297-00,2/15/2021,  572.75 € ,  460.00 € ,  56.37 € ,  56.37 € 
5678,02565-3297-00,3/1/2021,  856.22 € ,  692.82 € ,  81.70 € ,  81.70 € 
5678,02565-3297-00,3/15/2021,  590.79 € ,  478.04 € ,  56.37 € ,  56.37 € 
5678,02565-7172-00,1/1/2021,  420.00 € ,  336.00 € ,  42.00 € ,  42.00 € 
5678,02565-7172-00,1/15/2021,  289.80 € ,  231.84 € ,  28.98 € ,  28.98 € 
5678,02565-7172-00,2/1/2021,  426.72 € ,  342.72 € ,  42.00 € ,  42.00 € 
5678,02565-7172-00,2/15/2021,  294.44 € ,  236.48 € ,  28.98 € ,  28.98 € 
5678,02565-7172-00,3/1/2021,  440.16 € ,  356.16 € ,  42.00 € ,  42.00 € 
5678,02565-7172-00,3/15/2021,  303.71 € ,  245.75 € ,  28.98 € ,  28.98 € 
5678,02565-5892-00,1/1/2021,"  1,243.00 € ",  994.40 € ,  124.30 € ,  124.30 € 
5678,02565-5892-00,1/15/2021,  422.62 € ,  338.10 € ,  42.26 € ,  42.26 € 
5678,02565-5892-00,2/1/2021,"  1,262.89 € ","  1,014.29 € ",  124.30 € ,  124.30 € 
5678,02565-5892-00,2/15/2021,  429.38 € ,  344.86 € ,  42.26 € ,  42.26 € 
5678,02565-5892-00,3/1/2021,"  1,302.66 € ","  1,054.06 € ",  124.30 € ,  124.30 € 
5678,02565-5892-00,3/15/2021,  442.91 € ,  358.38 € ,  42.26 € ,  42.26 € 
5678,08432-6321-00,1/1/2021,"  1,948.00 € ","  1,558.40 € ",  194.80 € ,  194.80 € 
5678,08432-6321-00,1/15/2021,  818.16 € ,  654.53 € ,  81.82 € ,  81.82 € 
5678,08432-6321-00,2/1/2021,"  1,979.17 € ","  1,589.57 € ",  194.80 € ,  194.80 € 
5678,08432-6321-00,2/15/2021,  831.25 € ,  667.62 € ,  81.82 € ,  81.82 € 
5678,08432-6321-00,3/1/2021,"  2,041.50 € ","  1,651.90 € ",  194.80 € ,  194.80 € 
5678,08432-6321-00,3/15/2021,  857.43 € ,  693.80 € ,  81.82 € ,  81.82 € 
5678,08432-4405-00,1/1/2021,"  1,671.00 € ","  1,336.80 € ",  167.10 € ,  167.10 € 
5678,08432-4405-00,1/15/2021,  919.05 € ,  735.24 € ,  91.91 € ,  91.91 € 
5678,08432-4405-00,2/1/2021,"  1,697.74 € ","  1,363.54 € ",  167.10 € ,  167.10 € 
5678,08432-4405-00,2/15/2021,  933.75 € ,  749.94 € ,  91.91 € ,  91.91 € 
5678,08432-4405-00,3/1/2021,"  1,751.21 € ","  1,417.01 € ",  167.10 € ,  167.10 € 
5678,08432-4405-00,3/15/2021,  963.16 € ,  779.35 € ,  91.91 € ,  91.91 € 
5678,08432-7918-00,1/1/2021,  466.00 € ,  372.80 € ,  46.60 € ,  46.60 € 
5678,08432-7918-00,1/15/2021,  209.70 € ,  167.76 € ,  20.97 € ,  20.97 € 
5678,08432-7918-00,2/1/2021,  473.46 € ,  380.26 € ,  46.60 € ,  46.60 € 
5678,08432-7918-00,2/15/2021,  213.06 € ,  171.12 € ,  20.97 € ,  20.97 € 
5678,08432-7918-00,3/1/2021,  488.37 € ,  395.17 € ,  46.60 € ,  46.60 € 
5678,08432-7918-00,3/15/2021,  219.77 € ,  177.83 € ,  20.97 € ,  20.97 € 
5678,08432-7785-00,1/1/2021,"  1,296.00 € ","  1,036.80 € ",  129.60 € ,  129.60 € 
5678,08432-7785-00,1/15/2021,  855.36 € ,  684.29 € ,  85.54 € ,  85.54 € 
5678,08432-7785-00,2/1/2021,"  1,316.74 € ","  1,057.54 € ",  129.60 € ,  129.60 € 
5678,08432-7785-00,2/15/2021,  869.05 € ,  697.97 € ,  85.54 € ,  85.54 € 
5678,08432-7785-00,3/1/2021,"  1,358.21 € ","  1,099.01 € ",  129.60 € ,  129.60 € 
5678,08432-7785-00,3/15/2021,  896.42 € ,  725.35 € ,  85.54 € ,  85.54 € 
5678,08432-4780-00,1/1/2021,  811.00 € ,  648.80 € ,  81.10 € ,  81.10 € 
5678,08432-4780-00,1/15/2021,  535.26 € ,  428.21 € ,  53.53 € ,  53.53 € 
5678,08432-4780-00,2/1/2021,  823.98 € ,  661.78 € ,  81.10 € ,  81.10 € 
5678,08432-4780-00,2/15/2021,  543.82 € ,  436.77 € ,  53.53 € ,  53.53 € 
5678,08432-4780-00,3/1/2021,  849.93 € ,  687.73 € ,  81.10 € ,  81.10 € 
5678,08432-4780-00,3/15/2021,  560.95 € ,  453.90 € ,  53.53 € ,  53.53 € 
5678,08432-8042-00,1/1/2021,"  1,168.00 € ",  934.40 € ,  116.80 € ,  116.80 € 
5678,08432-8042-00,1/15/2021,  338.72 € ,  270.98 € ,  33.87 € ,  33.87 € 
5678,08432-8042-00,2/1/2021,"  1,186.69 € ",  953.09 € ,  116.80 € ,  116.80 € 
5678,08432-8042-00,2/15/2021,  344.14 € ,  276.40 € ,  33.87 € ,  33.87 € 
5678,08432-8042-00,3/1/2021,"  1,224.06 € ",  990.46 € ,  116.80 € ,  116.80 € 
5678,08432-8042-00,3/15/2021,  354.98 € ,  287.23 € ,  33.87 € ,  33.87 € 
5678,08432-4748-00,1/1/2021,"  1,546.00 € ","  1,236.80 € ",  154.60 € ,  154.60 € 
5678,08432-4748-00,1/15/2021,  541.10 € ,  432.88 € ,  54.11 € ,  54.11 € 
5678,08432-4748-00,2/1/2021,"  1,570.74 € ","  1,261.54 € ",  154.60 € ,  154.60 € 
5678,08432-4748-00,2/15/2021,  549.76 € ,  441.54 € ,  54.11 € ,  54.11 € 
5678,08432-4748-00,3/1/2021,"  1,620.21 € ","  1,311.01 € ",  154.60 € ,  154.60 € 
5678,08432-4748-00,3/15/2021,  567.07 € ,  458.85 € ,  54.11 € ,  54.11 € 
5678,08432-3860-00,1/1/2021,  785.00 € ,  628.00 € ,  78.50 € ,  78.50 € 
5678,08432-3860-00,1/15/2021,  345.40 € ,  276.32 € ,  34.54 € ,  34.54 € 
5678,08432-3860-00,2/1/2021,  797.56 € ,  640.56 € ,  78.50 € ,  78.50 € 
5678,08432-3860-00,2/15/2021,  350.93 € ,  281.85 € ,  34.54 € ,  34.54 € 
5678,08432-3860-00,3/1/2021,  822.68 € ,  665.68 € ,  78.50 € ,  78.50 € 
5678,08432-3860-00,3/15/2021,  361.98 € ,  292.90 € ,  34.54 € ,  34.54 € 
5678,08432-2274-00,1/1/2021,"  1,346.00 € ","  1,076.80 € ",  134.60 € ,  134.60 € 
5678,08432-2274-00,1/15/2021,  807.60 € ,  646.08 € ,  80.76 € ,  80.76 € 
5678,08432-2274-00,2/1/2021,"  1,367.54 € ","  1,098.34 € ",  134.60 € ,  134.60 € 
5678,08432-2274-00,2/15/2021,  820.52 € ,  659.00 € ,  80.76 € ,  80.76 € 
5678,08432-2274-00,3/1/2021,"  1,410.61 € ","  1,141.41 € ",  134.60 € ,  134.60 € 
5678,08432-2274-00,3/15/2021,  846.36 € ,  684.84 € ,  80.76 € ,  80.76 € 
5678,08432-3607-00,1/1/2021,"  1,136.00 € ",  908.80 € ,  113.60 € ,  113.60 € 
5678,08432-3607-00,1/15/2021,  636.16 € ,  508.93 € ,  63.62 € ,  63.62 € 
5678,08432-3607-00,2/1/2021,"  1,154.18 € ",  926.98 € ,  113.60 € ,  113.60 € 
5678,08432-3607-00,2/15/2021,  646.34 € ,  519.11 € ,  63.62 € ,  63.62 € 
5678,08432-3607-00,3/1/2021,"  1,190.53 € ",  963.33 € ,  113.60 € ,  113.60 € 
5678,08432-3607-00,3/15/2021,  666.70 € ,  539.46 € ,  63.62 € ,  63.62 € 
5678,08432-5205-00,1/1/2021,"  1,355.00 € ","  1,084.00 € ",  135.50 € ,  135.50 € 
5678,08432-5205-00,1/15/2021,  298.10 € ,  238.48 € ,  29.81 € ,  29.81 € 
5678,08432-5205-00,2/1/2021,"  1,376.68 € ","  1,105.68 € ",  135.50 € ,  135.50 € 
5678,08432-5205-00,2/15/2021,  302.87 € ,  243.25 € ,  29.81 € ,  29.81 € 
5678,08432-5205-00,3/1/2021,"  1,420.04 € ","  1,149.04 € ",  135.50 € ,  135.50 € 
5678,08432-5205-00,3/15/2021,  312.41 € ,  252.79 € ,  29.81 € ,  29.81 € 
5678,08432-8038-00,1/1/2021,  418.00 € ,  334.40 € ,  41.80 € ,  41.80 € 
5678,08432-8038-00,1/15/2021,  121.22 € ,  96.98 € ,  12.12 € ,  12.12 € 
5678,08432-8038-00,2/1/2021,  424.69 € ,  341.09 € ,  41.80 € ,  41.80 € 
5678,08432-8038-00,2/15/2021,  123.16 € ,  98.92 € ,  12.12 € ,  12.12 € 
5678,08432-8038-00,3/1/2021,  438.06 € ,  354.46 € ,  41.80 € ,  41.80 € 
5678,08432-8038-00,3/15/2021,  127.04 € ,  102.79 € ,  12.12 € ,  12.12 € 
5678,08432-7672-00,1/1/2021,  838.00 € ,  670.40 € ,  83.80 € ,  83.80 € 
5678,08432-7672-00,1/15/2021,  368.72 € ,  294.98 € ,  36.87 € ,  36.87 € 
5678,08432-7672-00,2/1/2021,  851.41 € ,  683.81 € ,  83.80 € ,  83.80 € 
5678,08432-7672-00,2/15/2021,  374.62 € ,  300.88 € ,  36.87 € ,  36.87 € 
5678,08432-7672-00,3/1/2021,  878.22 € ,  710.62 € ,  83.80 € ,  83.80 € 
5678,08432-7672-00,3/15/2021,  386.42 € ,  312.67 € ,  36.87 € ,  36.87 € 
5678,08432-2689-00,1/1/2021,"  1,329.00 € ","  1,063.20 € ",  132.90 € ,  132.90 € 
5678,08432-2689-00,1/15/2021,  265.80 € ,  212.64 € ,  26.58 € ,  26.58 € 
5678,08432-2689-00,2/1/2021,"  1,350.26 € ","  1,084.46 € ",  132.90 € ,  132.90 € 
5678,08432-2689-00,2/15/2021,  270.05 € ,  216.89 € ,  26.58 € ,  26.58 € 
5678,08432-2689-00,3/1/2021,"  1,392.79 € ","  1,126.99 € ",  132.90 € ,  132.90 € 
5678,08432-2689-00,3/15/2021,  278.56 € ,  225.40 € ,  26.58 € ,  26.58 € 
5678,08432-3574-00,1/1/2021,  735.00 € ,  588.00 € ,  73.50 € ,  73.50 € 
5678,08432-3574-00,1/15/2021,  360.15 € ,  288.12 € ,  36.02 € ,  36.02 € 
5678,08432-3574-00,2/1/2021,  746.76 € ,  599.76 € ,  73.50 € ,  73.50 € 
5678,08432-3574-00,2/15/2021,  365.91 € ,  293.88 € ,  36.02 € ,  36.02 € 
5678,08432-3574-00,3/1/2021,  770.28 € ,  623.28 € ,  73.50 € ,  73.50 € 
5678,08432-3574-00,3/15/2021,  377.44 € ,  305.41 € ,  36.02 € ,  36.02 € 
5678,08432-8024-00,1/1/2021,"  1,785.00 € ","  1,428.00 € ",  178.50 € ,  178.50 € 
5678,08432-8024-00,1/15/2021,  714.00 € ,  571.20 € ,  71.40 € ,  71.40 € 
5678,08432-8024-00,2/1/2021,"  1,813.56 € ","  1,456.56 € ",  178.50 € ,  178.50 € 
5678,08432-8024-00,2/15/2021,  725.42 € ,  582.62 € ,  71.40 € ,  71.40 € 
5678,08432-8024-00,3/1/2021,"  1,870.68 € ","  1,513.68 € ",  178.50 € ,  178.50 € 
5678,08432-8024-00,3/15/2021,  748.27 € ,  605.47 € ,  71.40 € ,  71.40 € 
5678,08432-1748-00,1/1/2021,"  1,425.00 € ","  1,140.00 € ",  142.50 € ,  142.50 € 
5678,08432-1748-00,1/15/2021,  840.75 € ,  672.60 € ,  84.08 € ,  84.08 € 
5678,08432-1748-00,2/1/2021,"  1,447.80 € ","  1,162.80 € ",  142.50 € ,  142.50 € 
5678,08432-1748-00,2/15/2021,  854.20 € ,  686.05 € ,  84.08 € ,  84.08 € 
5678,08432-1748-00,3/1/2021,"  1,493.40 € ","  1,208.40 € ",  142.50 € ,  142.50 € 
5678,08432-1748-00,3/15/2021,  881.11 € ,  712.96 € ,  84.08 € ,  84.08 € 
5678,08432-3562-00,1/1/2021,  231.00 € ,  184.80 € ,  23.10 € ,  23.10 € 
5678,08432-3562-00,1/15/2021,  78.54 € ,  62.83 € ,  7.85 € ,  7.85 € 
5678,08432-3562-00,2/1/2021,  234.70 € ,  188.50 € ,  23.10 € ,  23.10 € 
5678,08432-3562-00,2/15/2021,  79.80 € ,  64.09 € ,  7.85 € ,  7.85 € 
5678,08432-3562-00,3/1/2021,  242.09 € ,  195.89 € ,  23.10 € ,  23.10 € 
5678,08432-3562-00,3/15/2021,  82.31 € ,  66.60 € ,  7.85 € ,  7.85 € 
5678,08432-1869-00,1/1/2021,"  1,087.00 € ",  869.60 € ,  108.70 € ,  108.70 € 
5678,08432-1869-00,1/15/2021,  250.01 € ,  200.01 € ,  25.00 € ,  25.00 € 
5678,08432-1869-00,2/1/2021,"  1,104.39 € ",  886.99 € ,  108.70 € ,  108.70 € 
5678,08432-1869-00,2/15/2021,  254.01 € ,  204.01 € ,  25.00 € ,  25.00 € 
5678,08432-1869-00,3/1/2021,"  1,139.18 € ",  921.78 € ,  108.70 € ,  108.70 € 
5678,08432-1869-00,3/15/2021,  262.01 € ,  212.01 € ,  25.00 € ,  25.00 € 
2345,64512-6321-00,1/1/2021,"  1,165.00 € ",  932.00 € ,  116.50 € ,  116.50 € 
2345,64512-6321-00,1/15/2021,  605.80 € ,  484.64 € ,  60.58 € ,  60.58 € 
2345,64512-6321-00,2/1/2021,"  1,183.64 € ",  950.64 € ,  116.50 € ,  116.50 € 
2345,64512-6321-00,2/15/2021,  615.49 € ,  494.33 € ,  60.58 € ,  60.58 € 
2345,64512-6321-00,3/1/2021,"  1,220.92 € ",  987.92 € ,  116.50 € ,  116.50 € 
2345,64512-6321-00,3/15/2021,  634.88 € ,  513.72 € ,  60.58 € ,  60.58 € 
2345,64512-4405-00,1/1/2021,"  1,663.00 € ","  1,330.40 € ",  166.30 € ,  166.30 € 
2345,64512-4405-00,1/15/2021,  814.87 € ,  651.90 € ,  81.49 € ,  81.49 € 
2345,64512-4405-00,2/1/2021,"  1,689.61 € ","  1,357.01 € ",  166.30 € ,  166.30 € 
2345,64512-4405-00,2/15/2021,  827.91 € ,  664.93 € ,  81.49 € ,  81.49 € 
2345,64512-4405-00,3/1/2021,"  1,742.82 € ","  1,410.22 € ",  166.30 € ,  166.30 € 
2345,64512-4405-00,3/15/2021,  853.98 € ,  691.01 € ,  81.49 € ,  81.49 € 
2345,64512-7918-00,1/1/2021,  326.00 € ,  260.80 € ,  32.60 € ,  32.60 € 
2345,64512-7918-00,1/15/2021,  198.86 € ,  159.09 € ,  19.89 € ,  19.89 € 
2345,64512-7918-00,2/1/2021,  331.22 € ,  266.02 € ,  32.60 € ,  32.60 € 
2345,64512-7918-00,2/15/2021,  202.04 € ,  162.27 € ,  19.89 € ,  19.89 € 
2345,64512-7918-00,3/1/2021,  341.65 € ,  276.45 € ,  32.60 € ,  32.60 € 
2345,64512-7918-00,3/15/2021,  208.41 € ,  168.63 € ,  19.89 € ,  19.89 € 
2345,64512-7785-00,1/1/2021,"  1,916.00 € ","  1,532.80 € ",  191.60 € ,  191.60 € 
2345,64512-7785-00,1/15/2021,  536.48 € ,  429.18 € ,  53.65 € ,  53.65 € 
2345,64512-7785-00,2/1/2021,"  1,946.66 € ","  1,563.46 € ",  191.60 € ,  191.60 € 
2345,64512-7785-00,2/15/2021,  545.06 € ,  437.77 € ,  53.65 € ,  53.65 € 
2345,64512-7785-00,3/1/2021,"  2,007.97 € ","  1,624.77 € ",  191.60 € ,  191.60 € 
2345,64512-7785-00,3/15/2021,  562.23 € ,  454.94 € ,  53.65 € ,  53.65 € 
2345,64512-4780-00,1/1/2021,  257.00 € ,  205.60 € ,  25.70 € ,  25.70 € 
2345,64512-4780-00,1/15/2021,  125.93 € ,  100.74 € ,  12.59 € ,  12.59 € 
2345,64512-4780-00,2/1/2021,  261.11 € ,  209.71 € ,  25.70 € ,  25.70 € 
2345,64512-4780-00,2/15/2021,  127.94 € ,  102.76 € ,  12.59 € ,  12.59 € 
2345,64512-4780-00,3/1/2021,  269.34 € ,  217.94 € ,  25.70 € ,  25.70 € 
2345,64512-4780-00,3/15/2021,  131.97 € ,  106.79 € ,  12.59 € ,  12.59 € 
2345,64512-8042-00,1/1/2021,  632.00 € ,  505.60 € ,  63.20 € ,  63.20 € 
2345,64512-8042-00,1/15/2021,  170.64 € ,  136.51 € ,  17.06 € ,  17.06 € 
2345,64512-8042-00,2/1/2021,  642.11 € ,  515.71 € ,  63.20 € ,  63.20 € 
2345,64512-8042-00,2/15/2021,  173.37 € ,  139.24 € ,  17.06 € ,  17.06 € 
2345,64512-8042-00,3/1/2021,  662.34 € ,  535.94 € ,  63.20 € ,  63.20 € 
2345,64512-8042-00,3/15/2021,  178.83 € ,  144.70 € ,  17.06 € ,  17.06 € 
2345,64512-4748-00,1/1/2021,  491.00 € ,  392.80 € ,  49.10 € ,  49.10 € 
2345,64512-4748-00,1/15/2021,  162.03 € ,  129.62 € ,  16.20 € ,  16.20 € 
2345,64512-4748-00,2/1/2021,  498.86 € ,  400.66 € ,  49.10 € ,  49.10 € 
2345,64512-4748-00,2/15/2021,  164.62 € ,  132.22 € ,  16.20 € ,  16.20 € 
2345,64512-4748-00,3/1/2021,  514.57 € ,  416.37 € ,  49.10 € ,  49.10 € 
2345,64512-4748-00,3/15/2021,  169.81 € ,  137.40 € ,  16.20 € ,  16.20 € 
2345,64512-3860-00,1/1/2021,"  1,120.00 € ",  896.00 € ,  112.00 € ,  112.00 € 
2345,64512-3860-00,1/15/2021,  896.00 € ,  716.80 € ,  89.60 € ,  89.60 € 
2345,64512-3860-00,2/1/2021,"  1,137.92 € ",  913.92 € ,  112.00 € ,  112.00 € 
2345,64512-3860-00,2/15/2021,  910.34 € ,  731.14 € ,  89.60 € ,  89.60 € 
2345,64512-3860-00,3/1/2021,"  1,173.76 € ",  949.76 € ,  112.00 € ,  112.00 € 
2345,64512-3860-00,3/15/2021,  939.01 € ,  759.81 € ,  89.60 € ,  89.60 € 
2345,64512-2274-00,1/1/2021,  881.00 € ,  704.80 € ,  88.10 € ,  88.10 € 
2345,64512-2274-00,1/15/2021,  660.75 € ,  528.60 € ,  66.08 € ,  66.08 € 
2345,64512-2274-00,2/1/2021,  895.10 € ,  718.90 € ,  88.10 € ,  88.10 € 
2345,64512-2274-00,2/15/2021,  671.32 € ,  539.17 € ,  66.08 € ,  66.08 € 
2345,64512-2274-00,3/1/2021,  923.29 € ,  747.09 € ,  88.10 € ,  88.10 € 
2345,64512-2274-00,3/15/2021,  692.47 € ,  560.32 € ,  66.08 € ,  66.08 € 
2345,64512-3607-00,1/1/2021,"  1,881.00 € ","  1,504.80 € ",  188.10 € ,  188.10 € 
2345,64512-3607-00,1/15/2021,  827.64 € ,  662.11 € ,  82.76 € ,  82.76 € 
2345,64512-3607-00,2/1/2021,"  1,911.10 € ","  1,534.90 € ",  188.10 € ,  188.10 € 
2345,64512-3607-00,2/15/2021,  840.88 € ,  675.35 € ,  82.76 € ,  82.76 € 
2345,64512-3607-00,3/1/2021,"  1,971.29 € ","  1,595.09 € ",  188.10 € ,  188.10 € 
2345,64512-3607-00,3/15/2021,  867.37 € ,  701.84 € ,  82.76 € ,  82.76 € 
2345,64512-5205-00,1/1/2021,  802.00 € ,  641.60 € ,  80.20 € ,  80.20 € 
2345,64512-5205-00,1/15/2021,  449.12 € ,  359.30 € ,  44.91 € ,  44.91 € 
2345,64512-5205-00,2/1/2021,  814.83 € ,  654.43 € ,  80.20 € ,  80.20 € 
2345,64512-5205-00,2/15/2021,  456.31 € ,  366.48 € ,  44.91 € ,  44.91 € 
2345,64512-5205-00,3/1/2021,  840.50 € ,  680.10 € ,  80.20 € ,  80.20 € 
2345,64512-5205-00,3/15/2021,  470.68 € ,  380.85 € ,  44.91 € ,  44.91 € 
2345,64512-8038-00,1/1/2021,  476.00 € ,  380.80 € ,  47.60 € ,  47.60 € 
2345,64512-8038-00,1/15/2021,  347.48 € ,  277.98 € ,  34.75 € ,  34.75 € 
2345,64512-8038-00,2/1/2021,  483.62 € ,  388.42 € ,  47.60 € ,  47.60 € 
2345,64512-8038-00,2/15/2021,  353.04 € ,  283.54 € ,  34.75 € ,  34.75 € 
2345,64512-8038-00,3/1/2021,  498.85 € ,  403.65 € ,  47.60 € ,  47.60 € 
2345,64512-8038-00,3/15/2021,  364.16 € ,  294.66 € ,  34.75 € ,  34.75 € 
2345,64512-7672-00,1/1/2021,  850.00 € ,  680.00 € ,  85.00 € ,  85.00 € 
2345,64512-7672-00,1/15/2021,  331.50 € ,  265.20 € ,  33.15 € ,  33.15 € 
2345,64512-7672-00,2/1/2021,  863.60 € ,  693.60 € ,  85.00 € ,  85.00 € 
2345,64512-7672-00,2/15/2021,  336.80 € ,  270.50 € ,  33.15 € ,  33.15 € 
2345,64512-7672-00,3/1/2021,  890.80 € ,  720.80 € ,  85.00 € ,  85.00 € 
2345,64512-7672-00,3/15/2021,  347.41 € ,  281.11 € ,  33.15 € ,  33.15 € 
2345,64512-2689-00,1/1/2021,  514.00 € ,  411.20 € ,  51.40 € ,  51.40 € 
2345,64512-2689-00,1/15/2021,  339.24 € ,  271.39 € ,  33.92 € ,  33.92 € 
2345,64512-2689-00,2/1/2021,  522.22 € ,  419.42 € ,  51.40 € ,  51.40 € 
2345,64512-2689-00,2/15/2021,  344.67 € ,  276.82 € ,  33.92 € ,  33.92 € 
2345,64512-2689-00,3/1/2021,  538.67 € ,  435.87 € ,  51.40 € ,  51.40 € 
2345,64512-2689-00,3/15/2021,  355.52 € ,  287.68 € ,  33.92 € ,  33.92 € 
2345,64512-3574-00,1/1/2021,  473.00 € ,  378.40 € ,  47.30 € ,  47.30 € 
2345,64512-3574-00,1/15/2021,  241.23 € ,  192.98 € ,  24.12 € ,  24.12 € 
2345,64512-3574-00,2/1/2021,  480.57 € ,  385.97 € ,  47.30 € ,  47.30 € 
2345,64512-3574-00,2/15/2021,  245.09 € ,  196.84 € ,  24.12 € ,  24.12 € 
2345,64512-3574-00,3/1/2021,  495.70 € ,  401.10 € ,  47.30 € ,  47.30 € 
2345,64512-3574-00,3/15/2021,  252.81 € ,  204.56 € ,  24.12 € ,  24.12 € 
2345,64512-8024-00,1/1/2021,"  1,242.00 € ",  993.60 € ,  124.20 € ,  124.20 € 
2345,64512-8024-00,1/15/2021,  335.34 € ,  268.27 € ,  33.53 € ,  33.53 € 
2345,64512-8024-00,2/1/2021,"  1,261.87 € ","  1,013.47 € ",  124.20 € ,  124.20 € 
2345,64512-8024-00,2/15/2021,  340.71 € ,  273.64 € ,  33.53 € ,  33.53 € 
2345,64512-8024-00,3/1/2021,"  1,301.62 € ","  1,053.22 € ",  124.20 € ,  124.20 € 
2345,64512-8024-00,3/15/2021,  351.44 € ,  284.37 € ,  33.53 € ,  33.53 € 
2345,64512-1748-00,1/1/2021,  514.00 € ,  411.20 € ,  51.40 € ,  51.40 € 
2345,64512-1748-00,1/15/2021,  128.50 € ,  102.80 € ,  12.85 € ,  12.85 € 
2345,64512-1748-00,2/1/2021,  522.22 € ,  419.42 € ,  51.40 € ,  51.40 € 
2345,64512-1748-00,2/15/2021,  130.56 € ,  104.86 € ,  12.85 € ,  12.85 € 
2345,64512-1748-00,3/1/2021,  538.67 € ,  435.87 € ,  51.40 € ,  51.40 € 
2345,64512-1748-00,3/15/2021,  134.67 € ,  108.97 € ,  12.85 € ,  12.85 € 
2345,64512-3562-00,1/1/2021,"  1,199.00 € ",  959.20 € ,  119.90 € ,  119.90 € 
2345,64512-3562-00,1/15/2021,  311.74 € ,  249.39 € ,  31.17 € ,  31.17 € 
2345,64512-3562-00,2/1/2021,"  1,218.18 € ",  978.38 € ,  119.90 € ,  119.90 € 
2345,64512-3562-00,2/15/2021,  316.73 € ,  254.38 € ,  31.17 € ,  31.17 € 
2345,64512-3562-00,3/1/2021,"  1,256.55 € ","  1,016.75 € ",  119.90 € ,  119.90 € 
2345,64512-3562-00,3/15/2021,  326.70 € ,  264.36 € ,  31.17 € ,  31.17 € 
2345,64512-1869-00,1/1/2021,  796.00 € ,  636.80 € ,  79.60 € ,  79.60 € 
2345,64512-1869-00,1/15/2021,  294.52 € ,  235.62 € ,  29.45 € ,  29.45 € 
2345,64512-1869-00,2/1/2021,  808.74 € ,  649.54 € ,  79.60 € ,  79.60 € 
2345,64512-1869-00,2/15/2021,  299.23 € ,  240.33 € ,  29.45 € ,  29.45 € 
2345,64512-1869-00,3/1/2021,  834.21 € ,  675.01 € ,  79.60 € ,  79.60 € 
2345,64512-1869-00,3/15/2021,  308.66 € ,  249.75 € ,  29.45 € ,  29.45 € 
2345,64512-6772-00,1/1/2021,  930.00 € ,  744.00 € ,  93.00 € ,  93.00 € 
2345,64512-6772-00,1/15/2021,  530.10 € ,  424.08 € ,  53.01 € ,  53.01 € 
2345,64512-6772-00,2/1/2021,  944.88 € ,  758.88 € ,  93.00 € ,  93.00 € 
2345,64512-6772-00,2/15/2021,  538.58 € ,  432.56 € ,  53.01 € ,  53.01 € 
2345,64512-6772-00,3/1/2021,  974.64 € ,  788.64 € ,  93.00 € ,  93.00 € 
2345,64512-6772-00,3/15/2021,  555.54 € ,  449.52 € ,  53.01 € ,  53.01 € 
2345,64512-4801-00,1/1/2021,  233.00 € ,  186.40 € ,  23.30 € ,  23.30 € 
2345,64512-4801-00,1/15/2021,  135.14 € ,  108.11 € ,  13.51 € ,  13.51 € 
2345,64512-4801-00,2/1/2021,  236.73 € ,  190.13 € ,  23.30 € ,  23.30 € 
2345,64512-4801-00,2/15/2021,  137.30 € ,  110.27 € ,  13.51 € ,  13.51 € 
2345,64512-4801-00,3/1/2021,  244.18 € ,  197.58 € ,  23.30 € ,  23.30 € 
2345,64512-4801-00,3/15/2021,  141.63 € ,  114.60 € ,  13.51 € ,  13.51 € 
2345,64512-4226-00,1/1/2021,"  1,103.00 € ",  882.40 € ,  110.30 € ,  110.30 € 
2345,64512-4226-00,1/15/2021,  297.81 € ,  238.25 € ,  29.78 € ,  29.78 € 
2345,64512-4226-00,2/1/2021,"  1,120.65 € ",  900.05 € ,  110.30 € ,  110.30 € 
2345,64512-4226-00,2/15/2021,  302.57 € ,  243.01 € ,  29.78 € ,  29.78 € 
2345,64512-4226-00,3/1/2021,"  1,155.94 € ",  935.34 € ,  110.30 € ,  110.30 € 
2345,64512-4226-00,3/15/2021,  312.10 € ,  252.54 € ,  29.78 € ,  29.78 € 
2345,64512-4922-00,1/1/2021,  270.00 € ,  216.00 € ,  27.00 € ,  27.00 € 
2345,64512-4922-00,1/15/2021,  129.60 € ,  103.68 € ,  12.96 € ,  12.96 € 
2345,64512-4922-00,2/1/2021,  274.32 € ,  220.32 € ,  27.00 € ,  27.00 € 
2345,64512-4922-00,2/15/2021,  131.67 € ,  105.75 € ,  12.96 € ,  12.96 € 
2345,64512-4922-00,3/1/2021,  282.96 € ,  228.96 € ,  27.00 € ,  27.00 € 
2345,64512-4922-00,3/15/2021,  135.82 € ,  109.90 € ,  12.96 € ,  12.96 € 
2345,64512-6220-00,1/1/2021,  622.00 € ,  497.60 € ,  62.20 € ,  62.20 € 
2345,64512-6220-00,1/15/2021,  304.78 € ,  243.82 € ,  30.48 € ,  30.48 € 
2345,64512-6220-00,2/1/2021,  631.95 € ,  507.55 € ,  62.20 € ,  62.20 € 
2345,64512-6220-00,2/15/2021,  309.66 € ,  248.70 € ,  30.48 € ,  30.48 € 
2345,64512-6220-00,3/1/2021,  651.86 € ,  527.46 € ,  62.20 € ,  62.20 € 
2345,64512-6220-00,3/15/2021,  319.41 € ,  258.45 € ,  30.48 € ,  30.48 € 
2345,64512-5832-00,1/1/2021,"  1,948.00 € ","  1,558.40 € ",  194.80 € ,  194.80 € 
2345,64512-5832-00,1/15/2021,  857.12 € ,  685.70 € ,  85.71 € ,  85.71 € 
2345,64512-5832-00,2/1/2021,"  1,979.17 € ","  1,589.57 € ",  194.80 € ,  194.80 € 
2345,64512-5832-00,2/15/2021,  870.83 € ,  699.41 € ,  85.71 € ,  85.71 € 
2345,64512-5832-00,3/1/2021,"  2,041.50 € ","  1,651.90 € ",  194.80 € ,  194.80 € 
2345,64512-5832-00,3/15/2021,  898.26 € ,  726.84 € ,  85.71 € ,  85.71 € 
2345,64512-6380-00,1/1/2021,"  1,740.00 € ","  1,392.00 € ",  174.00 € ,  174.00 € 
2345,64512-6380-00,1/15/2021,  382.80 € ,  306.24 € ,  38.28 € ,  38.28 € 
2345,64512-6380-00,2/1/2021,"  1,767.84 € ","  1,419.84 € ",  174.00 € ,  174.00 € 
2345,64512-6380-00,2/15/2021,  388.92 € ,  312.36 € ,  38.28 € ,  38.28 € 
2345,64512-6380-00,3/1/2021,"  1,823.52 € ","  1,475.52 € ",  174.00 € ,  174.00 € 
2345,64512-6380-00,3/15/2021,  401.17 € ,  324.61 € ,  38.28 € ,  38.28 € 
2345,64512-4881-00,1/1/2021,"  1,155.00 € ",  924.00 € ,  115.50 € ,  115.50 € 
2345,64512-4881-00,1/15/2021,  381.15 € ,  304.92 € ,  38.12 € ,  38.12 € 
2345,64512-4881-00,2/1/2021,"  1,173.48 € ",  942.48 € ,  115.50 € ,  115.50 € 
2345,64512-4881-00,2/15/2021,  387.25 € ,  311.02 € ,  38.12 € ,  38.12 € 
2345,64512-4881-00,3/1/2021,"  1,210.44 € ",  979.44 € ,  115.50 € ,  115.50 € 
2345,64512-4881-00,3/15/2021,  399.45 € ,  323.22 € ,  38.12 € ,  38.12 € 
2345,64512-5603-00,1/1/2021,"  1,407.00 € ","  1,125.60 € ",  140.70 € ,  140.70 € 
2345,64512-5603-00,1/15/2021,  295.47 € ,  236.38 € ,  29.55 € ,  29.55 € 
2345,64512-5603-00,2/1/2021,"  1,429.51 € ","  1,148.11 € ",  140.70 € ,  140.70 € 
2345,64512-5603-00,2/15/2021,  300.20 € ,  241.10 € ,  29.55 € ,  29.55 € 
2345,64512-5603-00,3/1/2021,"  1,474.54 € ","  1,193.14 € ",  140.70 € ,  140.70 € 
2345,64512-5603-00,3/15/2021,  309.65 € ,  250.56 € ,  29.55 € ,  29.55 € 
2345,64512-6087-00,1/1/2021,"  1,959.00 € ","  1,567.20 € ",  195.90 € ,  195.90 € 
2345,64512-6087-00,1/15/2021,  568.11 € ,  454.49 € ,  56.81 € ,  56.81 € 
2345,64512-6087-00,2/1/2021,"  1,990.34 € ","  1,598.54 € ",  195.90 € ,  195.90 € 
2345,64512-6087-00,2/15/2021,  577.20 € ,  463.58 € ,  56.81 € ,  56.81 € 
2345,64512-6087-00,3/1/2021,"  2,053.03 € ","  1,661.23 € ",  195.90 € ,  195.90 € 
2345,64512-6087-00,3/15/2021,  595.38 € ,  481.76 € ,  56.81 € ,  56.81 € 
2345,64512-6045-00,1/1/2021,"  1,055.00 € ",  844.00 € ,  105.50 € ,  105.50 € 
2345,64512-6045-00,1/15/2021,  411.45 € ,  329.16 € ,  41.15 € ,  41.15 € 
2345,64512-6045-00,2/1/2021,"  1,071.88 € ",  860.88 € ,  105.50 € ,  105.50 € 
2345,64512-6045-00,2/15/2021,  418.03 € ,  335.74 € ,  41.15 € ,  41.15 € 
2345,64512-6045-00,3/1/2021,"  1,105.64 € ",  894.64 € ,  105.50 € ,  105.50 € 
2345,64512-6045-00,3/15/2021,  431.20 € ,  348.91 € ,  41.15 € ,  41.15 € 
2345,06421-6321-00,1/1/2021,  217.00 € ,  173.60 € ,  21.70 € ,  21.70 € 
2345,06421-6321-00,1/15/2021,  80.29 € ,  64.23 € ,  8.03 € ,  8.03 € 
2345,06421-6321-00,2/1/2021,  220.47 € ,  177.07 € ,  21.70 € ,  21.70 € 
2345,06421-6321-00,2/15/2021,  81.57 € ,  65.52 € ,  8.03 € ,  8.03 € 
2345,06421-6321-00,3/1/2021,  227.42 € ,  184.02 € ,  21.70 € ,  21.70 € 
2345,06421-6321-00,3/15/2021,  84.14 € ,  68.09 € ,  8.03 € ,  8.03 € 
2345,06421-4405-00,1/1/2021,"  1,144.00 € ",  915.20 € ,  114.40 € ,  114.40 € 
2345,06421-4405-00,1/15/2021,  777.92 € ,  622.34 € ,  77.79 € ,  77.79 € 
2345,06421-4405-00,2/1/2021,"  1,162.30 € ",  933.50 € ,  114.40 € ,  114.40 € 
2345,06421-4405-00,2/15/2021,  790.37 € ,  634.78 € ,  77.79 € ,  77.79 € 
2345,06421-4405-00,3/1/2021,"  1,198.91 € ",  970.11 € ,  114.40 € ,  114.40 € 
2345,06421-4405-00,3/15/2021,  815.26 € ,  659.68 € ,  77.79 € ,  77.79 € 
2345,06421-7918-00,1/1/2021,"  1,582.00 € ","  1,265.60 € ",  158.20 € ,  158.20 € 
2345,06421-7918-00,1/15/2021,  680.26 € ,  544.21 € ,  68.03 € ,  68.03 € 
2345,06421-7918-00,2/1/2021,"  1,607.31 € ","  1,290.91 € ",  158.20 € ,  158.20 € 
2345,06421-7918-00,2/15/2021,  691.14 € ,  555.09 € ,  68.03 € ,  68.03 € 
2345,06421-7918-00,3/1/2021,"  1,657.94 € ","  1,341.54 € ",  158.20 € ,  158.20 € 
2345,06421-7918-00,3/15/2021,  712.91 € ,  576.86 € ,  68.03 € ,  68.03 € 
2345,06421-7785-00,1/1/2021,"  1,115.00 € ",  892.00 € ,  111.50 € ,  111.50 € 
2345,06421-7785-00,1/15/2021,  680.15 € ,  544.12 € ,  68.02 € ,  68.02 € 
2345,06421-7785-00,2/1/2021,"  1,132.84 € ",  909.84 € ,  111.50 € ,  111.50 € 
2345,06421-7785-00,2/15/2021,  691.03 € ,  555.00 € ,  68.02 € ,  68.02 € 
2345,06421-7785-00,3/1/2021,"  1,168.52 € ",  945.52 € ,  111.50 € ,  111.50 € 
2345,06421-7785-00,3/15/2021,  712.80 € ,  576.77 € ,  68.02 € ,  68.02 € 
2345,06421-4780-00,1/1/2021,"  1,112.00 € ",  889.60 € ,  111.20 € ,  111.20 € 
2345,06421-4780-00,1/15/2021,  344.72 € ,  275.78 € ,  34.47 € ,  34.47 € 
2345,06421-4780-00,2/1/2021,"  1,129.79 € ",  907.39 € ,  111.20 € ,  111.20 € 
2345,06421-4780-00,2/15/2021,  350.24 € ,  281.29 € ,  34.47 € ,  34.47 € 
2345,06421-4780-00,3/1/2021,"  1,165.38 € ",  942.98 € ,  111.20 € ,  111.20 € 
2345,06421-4780-00,3/15/2021,  361.27 € ,  292.32 € ,  34.47 € ,  34.47 € 
2345,06421-8042-00,1/1/2021,"  1,635.00 € ","  1,308.00 € ",  163.50 € ,  163.50 € 
2345,06421-8042-00,1/15/2021,  670.35 € ,  536.28 € ,  67.04 € ,  67.04 € 
2345,06421-8042-00,2/1/2021,"  1,661.16 € ","  1,334.16 € ",  163.50 € ,  163.50 € 
2345,06421-8042-00,2/15/2021,  681.08 € ,  547.01 € ,  67.04 € ,  67.04 € 
2345,06421-8042-00,3/1/2021,"  1,713.48 € ","  1,386.48 € ",  163.50 € ,  163.50 € 
2345,06421-8042-00,3/15/2021,  702.53 € ,  568.46 € ,  67.04 € ,  67.04 € 
2345,06421-4748-00,1/1/2021,"  1,047.00 € ",  837.60 € ,  104.70 € ,  104.70 € 
2345,06421-4748-00,1/15/2021,  481.62 € ,  385.30 € ,  48.16 € ,  48.16 € 
2345,06421-4748-00,2/1/2021,"  1,063.75 € ",  854.35 € ,  104.70 € ,  104.70 € 
2345,06421-4748-00,2/15/2021,  489.33 € ,  393.00 € ,  48.16 € ,  48.16 € 
2345,06421-4748-00,3/1/2021,"  1,097.26 € ",  887.86 € ,  104.70 € ,  104.70 € 
2345,06421-4748-00,3/15/2021,  504.74 € ,  408.41 € ,  48.16 € ,  48.16 € 
2345,06421-3860-00,1/1/2021,"  1,488.00 € ","  1,190.40 € ",  148.80 € ,  148.80 € 
2345,06421-3860-00,1/15/2021,  446.40 € ,  357.12 € ,  44.64 € ,  44.64 € 
2345,06421-3860-00,2/1/2021,"  1,511.81 € ","  1,214.21 € ",  148.80 € ,  148.80 € 
2345,06421-3860-00,2/15/2021,  453.54 € ,  364.26 € ,  44.64 € ,  44.64 € 
2345,06421-3860-00,3/1/2021,"  1,559.42 € ","  1,261.82 € ",  148.80 € ,  148.80 € 
2345,06421-3860-00,3/15/2021,  467.83 € ,  378.55 € ,  44.64 € ,  44.64 € 
2345,06421-2274-00,1/1/2021,  517.00 € ,  413.60 € ,  51.70 € ,  51.70 € 
2345,06421-2274-00,1/15/2021,  268.84 € ,  215.07 € ,  26.88 € ,  26.88 € 
2345,06421-2274-00,2/1/2021,  525.27 € ,  421.87 € ,  51.70 € ,  51.70 € 
2345,06421-2274-00,2/15/2021,  273.14 € ,  219.37 € ,  26.88 € ,  26.88 € 
2345,06421-2274-00,3/1/2021,  541.82 € ,  438.42 € ,  51.70 € ,  51.70 € 
2345,06421-2274-00,3/15/2021,  281.74 € ,  227.98 € ,  26.88 € ,  26.88 € 
2345,06421-3607-00,1/1/2021,"  1,710.00 € ","  1,368.00 € ",  171.00 € ,  171.00 € 
2345,06421-3607-00,1/15/2021,  786.60 € ,  629.28 € ,  78.66 € ,  78.66 € 
2345,06421-3607-00,2/1/2021,"  1,737.36 € ","  1,395.36 € ",  171.00 € ,  171.00 € 
2345,06421-3607-00,2/15/2021,  799.19 € ,  641.87 € ,  78.66 € ,  78.66 € 
2345,06421-3607-00,3/1/2021,"  1,792.08 € ","  1,450.08 € ",  171.00 € ,  171.00 € 
2345,06421-3607-00,3/15/2021,  824.36 € ,  667.04 € ,  78.66 € ,  78.66 € 
9735,10000-6321-00,1/1/2021,  435.00 € ,  348.00 € ,  43.50 € ,  43.50 € 
9735,10000-6321-00,1/15/2021,  147.90 € ,  118.32 € ,  14.79 € ,  14.79 € 
9735,10000-6321-00,2/1/2021,  441.96 € ,  354.96 € ,  43.50 € ,  43.50 € 
9735,10000-6321-00,2/15/2021,  150.27 € ,  120.69 € ,  14.79 € ,  14.79 € 
9735,10000-6321-00,3/1/2021,  455.88 € ,  368.88 € ,  43.50 € ,  43.50 € 
9735,10000-6321-00,3/15/2021,  155.00 € ,  125.42 € ,  14.79 € ,  14.79 € 
9735,10000-4405-00,1/1/2021,"  1,447.00 € ","  1,157.60 € ",  144.70 € ,  144.70 € 
9735,10000-4405-00,1/15/2021,  564.33 € ,  451.46 € ,  56.43 € ,  56.43 € 
9735,10000-4405-00,2/1/2021,"  1,470.15 € ","  1,180.75 € ",  144.70 € ,  144.70 € 
9735,10000-4405-00,2/15/2021,  573.36 € ,  460.49 € ,  56.43 € ,  56.43 € 
9735,10000-4405-00,3/1/2021,"  1,516.46 € ","  1,227.06 € ",  144.70 € ,  144.70 € 
9735,10000-4405-00,3/15/2021,  591.42 € ,  478.55 € ,  56.43 € ,  56.43 € 
9735,10000-7918-00,1/1/2021,"  1,813.00 € ","  1,450.40 € ",  181.30 € ,  181.30 € 
9735,10000-7918-00,1/15/2021,  707.07 € ,  565.66 € ,  70.71 € ,  70.71 € 
9735,10000-7918-00,2/1/2021,"  1,842.01 € ","  1,479.41 € ",  181.30 € ,  181.30 € 
9735,10000-7918-00,2/15/2021,  718.38 € ,  576.97 € ,  70.71 € ,  70.71 € 
9735,10000-7918-00,3/1/2021,"  1,900.02 € ","  1,537.42 € ",  181.30 € ,  181.30 € 
9735,10000-7918-00,3/15/2021,  741.01 € ,  599.60 € ,  70.71 € ,  70.71 € 
9735,10000-7785-00,1/1/2021,"  1,231.00 € ",  984.80 € ,  123.10 € ,  123.10 € 
9735,10000-7785-00,1/15/2021,  861.70 € ,  689.36 € ,  86.17 € ,  86.17 € 
9735,10000-7785-00,2/1/2021,"  1,250.70 € ","  1,004.50 € ",  123.10 € ,  123.10 € 
9735,10000-7785-00,2/15/2021,  875.49 € ,  703.15 € ,  86.17 € ,  86.17 € 
9735,10000-7785-00,3/1/2021,"  1,290.09 € ","  1,043.89 € ",  123.10 € ,  123.10 € 
9735,10000-7785-00,3/15/2021,  903.06 € ,  730.72 € ,  86.17 € ,  86.17 € 
9735,10000-4780-00,1/1/2021,"  1,918.00 € ","  1,534.40 € ",  191.80 € ,  191.80 € 
9735,10000-4780-00,1/15/2021,  498.68 € ,  398.94 € ,  49.87 € ,  49.87 € 
9735,10000-4780-00,2/1/2021,"  1,948.69 € ","  1,565.09 € ",  191.80 € ,  191.80 € 
9735,10000-4780-00,2/15/2021,  506.66 € ,  406.92 € ,  49.87 € ,  49.87 € 
9735,10000-4780-00,3/1/2021,"  2,010.06 € ","  1,626.46 € ",  191.80 € ,  191.80 € 
9735,10000-4780-00,3/15/2021,  522.62 € ,  422.88 € ,  49.87 € ,  49.87 € 
9735,10000-8042-00,1/1/2021,  220.00 € ,  176.00 € ,  22.00 € ,  22.00 € 
9735,10000-8042-00,1/15/2021,  44.00 € ,  35.20 € ,  4.40 € ,  4.40 € 
9735,10000-8042-00,2/1/2021,  223.52 € ,  179.52 € ,  22.00 € ,  22.00 € 
9735,10000-8042-00,2/15/2021,  44.70 € ,  35.90 € ,  4.40 € ,  4.40 € 
9735,10000-8042-00,3/1/2021,  230.56 € ,  186.56 € ,  22.00 € ,  22.00 € 
9735,10000-8042-00,3/15/2021,  46.11 € ,  37.31 € ,  4.40 € ,  4.40 € 
9735,10000-4748-00,1/1/2021,"  1,070.00 € ",  856.00 € ,  107.00 € ,  107.00 € 
9735,10000-4748-00,1/15/2021,  278.20 € ,  222.56 € ,  27.82 € ,  27.82 € 
9735,10000-4748-00,2/1/2021,"  1,087.12 € ",  873.12 € ,  107.00 € ,  107.00 € 
9735,10000-4748-00,2/15/2021,  282.65 € ,  227.01 € ,  27.82 € ,  27.82 € 
9735,10000-4748-00,3/1/2021,"  1,121.36 € ",  907.36 € ,  107.00 € ,  107.00 € 
9735,10000-4748-00,3/15/2021,  291.55 € ,  235.91 € ,  27.82 € ,  27.82 € 
9735,10000-3860-00,1/1/2021,"  1,183.00 € ",  946.40 € ,  118.30 € ,  118.30 € 
9735,10000-3860-00,1/15/2021,  449.54 € ,  359.63 € ,  44.95 € ,  44.95 € 
9735,10000-3860-00,2/1/2021,"  1,201.93 € ",  965.33 € ,  118.30 € ,  118.30 € 
9735,10000-3860-00,2/15/2021,  456.73 € ,  366.82 € ,  44.95 € ,  44.95 € 
9735,10000-3860-00,3/1/2021,"  1,239.78 € ","  1,003.18 € ",  118.30 € ,  118.30 € 
9735,10000-3860-00,3/15/2021,  471.12 € ,  381.21 € ,  44.95 € ,  44.95 € 
9735,10000-2274-00,1/1/2021,"  1,863.00 € ","  1,490.40 € ",  186.30 € ,  186.30 € 
9735,10000-2274-00,1/15/2021,"  1,471.77 € ","  1,177.42 € ",  147.18 € ,  147.18 € 
9735,10000-2274-00,2/1/2021,"  1,892.81 € ","  1,520.21 € ",  186.30 € ,  186.30 € 
9735,10000-2274-00,2/15/2021,"  1,495.32 € ","  1,200.96 € ",  147.18 € ,  147.18 € 
9735,10000-2274-00,3/1/2021,"  1,952.42 € ","  1,579.82 € ",  186.30 € ,  186.30 € 
9735,10000-2274-00,3/15/2021,"  1,542.41 € ","  1,248.06 € ",  147.18 € ,  147.18 € 
9735,10000-3607-00,1/1/2021,"  1,331.00 € ","  1,064.80 € ",  133.10 € ,  133.10 € 
9735,10000-3607-00,1/15/2021,  359.37 € ,  287.50 € ,  35.94 € ,  35.94 € 
9735,10000-3607-00,2/1/2021,"  1,352.30 € ","  1,086.10 € ",  133.10 € ,  133.10 € 
9735,10000-3607-00,2/15/2021,  365.12 € ,  293.25 € ,  35.94 € ,  35.94 € 
9735,10000-3607-00,3/1/2021,"  1,394.89 € ","  1,128.69 € ",  133.10 € ,  133.10 € 
9735,10000-3607-00,3/15/2021,  376.62 € ,  304.75 € ,  35.94 € ,  35.94 € 
9735,10000-5205-00,1/1/2021,"  1,435.00 € ","  1,148.00 € ",  143.50 € ,  143.50 € 
9735,10000-5205-00,1/15/2021,  530.95 € ,  424.76 € ,  53.10 € ,  53.10 € 
9735,10000-5205-00,2/1/2021,"  1,457.96 € ","  1,170.96 € ",  143.50 € ,  143.50 € 
9735,10000-5205-00,2/15/2021,  539.45 € ,  433.26 € ,  53.10 € ,  53.10 € 
9735,10000-5205-00,3/1/2021,"  1,503.88 € ","  1,216.88 € ",  143.50 € ,  143.50 € 
9735,10000-5205-00,3/15/2021,  556.44 € ,  450.25 € ,  53.10 € ,  53.10 € 
9735,10000-8038-00,1/1/2021,  746.00 € ,  596.80 € ,  74.60 € ,  74.60 € 
9735,10000-8038-00,1/15/2021,  425.22 € ,  340.18 € ,  42.52 € ,  42.52 € 
9735,10000-8038-00,2/1/2021,  757.94 € ,  608.74 € ,  74.60 € ,  74.60 € 
9735,10000-8038-00,2/15/2021,  432.02 € ,  346.98 € ,  42.52 € ,  42.52 € 
9735,10000-8038-00,3/1/2021,  781.81 € ,  632.61 € ,  74.60 € ,  74.60 € 
9735,10000-8038-00,3/15/2021,  445.63 € ,  360.59 € ,  42.52 € ,  42.52 € 
9735,10000-7672-00,1/1/2021,"  1,872.00 € ","  1,497.60 € ",  187.20 € ,  187.20 € 
9735,10000-7672-00,1/15/2021,"  1,441.44 € ","  1,153.15 € ",  144.14 € ,  144.14 € 
9735,10000-7672-00,2/1/2021,"  1,901.95 € ","  1,527.55 € ",  187.20 € ,  187.20 € 
9735,10000-7672-00,2/15/2021,"  1,464.50 € ","  1,176.22 € ",  144.14 € ,  144.14 € 
9735,10000-7672-00,3/1/2021,"  1,961.86 € ","  1,587.46 € ",  187.20 € ,  187.20 € 
9735,10000-7672-00,3/15/2021,"  1,510.63 € ","  1,222.34 € ",  144.14 € ,  144.14 € 
9735,10000-2689-00,1/1/2021,  685.00 € ,  548.00 € ,  68.50 € ,  68.50 € 
9735,10000-2689-00,1/15/2021,  458.95 € ,  367.16 € ,  45.90 € ,  45.90 € 
9735,10000-2689-00,2/1/2021,  695.96 € ,  558.96 € ,  68.50 € ,  68.50 € 
9735,10000-2689-00,2/15/2021,  466.29 € ,  374.50 € ,  45.90 € ,  45.90 € 
9735,10000-2689-00,3/1/2021,  717.88 € ,  580.88 € ,  68.50 € ,  68.50 € 
9735,10000-2689-00,3/15/2021,  480.98 € ,  389.19 € ,  45.90 € ,  45.90 € 
9735,10000-3574-00,1/1/2021,  798.00 € ,  638.40 € ,  79.80 € ,  79.80 € 
9735,10000-3574-00,1/15/2021,  550.62 € ,  440.50 € ,  55.06 € ,  55.06 € 
9735,10000-3574-00,2/1/2021,  810.77 € ,  651.17 € ,  79.80 € ,  79.80 € 
9735,10000-3574-00,2/15/2021,  559.43 € ,  449.31 € ,  55.06 € ,  55.06 € 
9735,10000-3574-00,3/1/2021,  836.30 € ,  676.70 € ,  79.80 € ,  79.80 € 
9735,10000-3574-00,3/15/2021,  577.05 € ,  466.93 € ,  55.06 € ,  55.06 € 
9735,10000-8024-00,1/1/2021,  324.00 € ,  259.20 € ,  32.40 € ,  32.40 € 
9735,10000-8024-00,1/15/2021,  236.52 € ,  189.22 € ,  23.65 € ,  23.65 € 
9735,10000-8024-00,2/1/2021,  329.18 € ,  264.38 € ,  32.40 € ,  32.40 € 
9735,10000-8024-00,2/15/2021,  240.30 € ,  193.00 € ,  23.65 € ,  23.65 € 
9735,10000-8024-00,3/1/2021,  339.55 € ,  274.75 € ,  32.40 € ,  32.40 € 
9735,10000-8024-00,3/15/2021,  247.87 € ,  200.57 € ,  23.65 € ,  23.65 € 
9735,10000-1748-00,1/1/2021,"  1,702.00 € ","  1,361.60 € ",  170.20 € ,  170.20 € 
9735,10000-1748-00,1/15/2021,  714.84 € ,  571.87 € ,  71.48 € ,  71.48 € 
9735,10000-1748-00,2/1/2021,"  1,729.23 € ","  1,388.83 € ",  170.20 € ,  170.20 € 
9735,10000-1748-00,2/15/2021,  726.28 € ,  583.31 € ,  71.48 € ,  71.48 € 
9735,10000-1748-00,3/1/2021,"  1,783.70 € ","  1,443.30 € ",  170.20 € ,  170.20 € 
9735,10000-1748-00,3/15/2021,  749.15 € ,  606.18 € ,  71.48 € ,  71.48 € 
9735,10000-3562-00,1/1/2021,"  1,470.00 € ","  1,176.00 € ",  147.00 € ,  147.00 € 
9735,10000-3562-00,1/15/2021,  352.80 € ,  282.24 € ,  35.28 € ,  35.28 € 
9735,10000-3562-00,2/1/2021,"  1,493.52 € ","  1,199.52 € ",  147.00 € ,  147.00 € 
9735,10000-3562-00,2/15/2021,  358.44 € ,  287.88 € ,  35.28 € ,  35.28 € 
9735,10000-3562-00,3/1/2021,"  1,540.56 € ","  1,246.56 € ",  147.00 € ,  147.00 € 
9735,10000-3562-00,3/15/2021,  369.73 € ,  299.17 € ,  35.28 € ,  35.28 € 
9735,04564-6321-00,1/1/2021,  743.00 € ,  594.40 € ,  74.30 € ,  74.30 € 
9735,04564-6321-00,1/15/2021,  208.04 € ,  166.43 € ,  20.80 € ,  20.80 € 
9735,04564-6321-00,2/1/2021,  754.89 € ,  606.29 € ,  74.30 € ,  74.30 € 
9735,04564-6321-00,2/15/2021,  211.37 € ,  169.76 € ,  20.80 € ,  20.80 € 
9735,04564-6321-00,3/1/2021,  778.66 € ,  630.06 € ,  74.30 € ,  74.30 € 
9735,04564-6321-00,3/15/2021,  218.03 € ,  176.42 € ,  20.80 € ,  20.80 € 
9735,04564-4405-00,1/1/2021,"  1,138.00 € ",  910.40 € ,  113.80 € ,  113.80 € 
9735,04564-4405-00,1/15/2021,  603.14 € ,  482.51 € ,  60.31 € ,  60.31 € 
9735,04564-4405-00,2/1/2021,"  1,156.21 € ",  928.61 € ,  113.80 € ,  113.80 € 
9735,04564-4405-00,2/15/2021,  612.79 € ,  492.16 € ,  60.31 € ,  60.31 € 
9735,04564-4405-00,3/1/2021,"  1,192.62 € ",  965.02 € ,  113.80 € ,  113.80 € 
9735,04564-4405-00,3/15/2021,  632.09 € ,  511.46 € ,  60.31 € ,  60.31 € 
9735,04564-7918-00,1/1/2021,  563.00 € ,  450.40 € ,  56.30 € ,  56.30 € 
9735,04564-7918-00,1/15/2021,  247.72 € ,  198.18 € ,  24.77 € ,  24.77 € 
9735,04564-7918-00,2/1/2021,  572.01 € ,  459.41 € ,  56.30 € ,  56.30 € 
9735,04564-7918-00,2/15/2021,  251.68 € ,  202.14 € ,  24.77 € ,  24.77 € 
9735,04564-7918-00,3/1/2021,  590.02 € ,  477.42 € ,  56.30 € ,  56.30 € 
9735,04564-7918-00,3/15/2021,  259.61 € ,  210.07 € ,  24.77 € ,  24.77 € 
9735,04564-7785-00,1/1/2021,"  1,825.00 € ","  1,460.00 € ",  182.50 € ,  182.50 € 
9735,04564-7785-00,1/15/2021,  602.25 € ,  481.80 € ,  60.23 € ,  60.23 € 
9735,04564-7785-00,2/1/2021,"  1,854.20 € ","  1,489.20 € ",  182.50 € ,  182.50 € 
9735,04564-7785-00,2/15/2021,  611.89 € ,  491.44 € ,  60.23 € ,  60.23 € 
9735,04564-7785-00,3/1/2021,"  1,912.60 € ","  1,547.60 € ",  182.50 € ,  182.50 € 
9735,04564-7785-00,3/15/2021,  631.16 € ,  510.71 € ,  60.23 € ,  60.23 € 
9735,04564-4780-00,1/1/2021,"  1,154.00 € ",  923.20 € ,  115.40 € ,  115.40 € 
9735,04564-4780-00,1/15/2021,  703.94 € ,  563.15 € ,  70.39 € ,  70.39 € 
9735,04564-4780-00,2/1/2021,"  1,172.46 € ",  941.66 € ,  115.40 € ,  115.40 € 
9735,04564-4780-00,2/15/2021,  715.20 € ,  574.42 € ,  70.39 € ,  70.39 € 
9735,04564-4780-00,3/1/2021,"  1,209.39 € ",  978.59 € ,  115.40 € ,  115.40 € 
9735,04564-4780-00,3/15/2021,  737.73 € ,  596.94 € ,  70.39 € ,  70.39 € 
9735,04564-8042-00,1/1/2021,"  1,964.00 € ","  1,571.20 € ",  196.40 € ,  196.40 € 
9735,04564-8042-00,1/15/2021,"  1,453.36 € ","  1,162.69 € ",  145.34 € ,  145.34 € 
9735,04564-8042-00,2/1/2021,"  1,995.42 € ","  1,602.62 € ",  196.40 € ,  196.40 € 
9735,04564-8042-00,2/15/2021,"  1,476.61 € ","  1,185.94 € ",  145.34 € ,  145.34 € 
9735,04564-8042-00,3/1/2021,"  2,058.27 € ","  1,665.47 € ",  196.40 € ,  196.40 € 
9735,04564-8042-00,3/15/2021,"  1,523.12 € ","  1,232.45 € ",  145.34 € ,  145.34 € 
9735,04564-4748-00,1/1/2021,  235.00 € ,  188.00 € ,  23.50 € ,  23.50 € 
9735,04564-4748-00,1/15/2021,  94.00 € ,  75.20 € ,  9.40 € ,  9.40 € 
9735,04564-4748-00,2/1/2021,  238.76 € ,  191.76 € ,  23.50 € ,  23.50 € 
9735,04564-4748-00,2/15/2021,  95.50 € ,  76.70 € ,  9.40 € ,  9.40 € 
9735,04564-4748-00,3/1/2021,  246.28 € ,  199.28 € ,  23.50 € ,  23.50 € 
9735,04564-4748-00,3/15/2021,  98.51 € ,  79.71 € ,  9.40 € ,  9.40 € 
9735,04564-3860-00,1/1/2021,  789.00 € ,  631.20 € ,  78.90 € ,  78.90 € 
9735,04564-3860-00,1/15/2021,  497.07 € ,  397.66 € ,  49.71 € ,  49.71 € 
9735,04564-3860-00,2/1/2021,  801.62 € ,  643.82 € ,  78.90 € ,  78.90 € 
9735,04564-3860-00,2/15/2021,  505.02 € ,  405.61 € ,  49.71 € ,  49.71 € 
9735,04564-3860-00,3/1/2021,  826.87 € ,  669.07 € ,  78.90 € ,  78.90 € 
9735,04564-3860-00,3/15/2021,  520.93 € ,  421.52 € ,  49.71 € ,  49.71 € 
9735,04564-2274-00,1/1/2021,"  1,085.00 € ",  868.00 € ,  108.50 € ,  108.50 € 
9735,04564-2274-00,1/15/2021,  585.90 € ,  468.72 € ,  58.59 € ,  58.59 € 
9735,04564-2274-00,2/1/2021,"  1,102.36 € ",  885.36 € ,  108.50 € ,  108.50 € 
9735,04564-2274-00,2/15/2021,  595.27 € ,  478.09 € ,  58.59 € ,  58.59 € 
9735,04564-2274-00,3/1/2021,"  1,137.08 € ",  920.08 € ,  108.50 € ,  108.50 € 
9735,04564-2274-00,3/15/2021,  614.02 € ,  496.84 € ,  58.59 € ,  58.59 € 
9735,04564-3607-00,1/1/2021,"  1,480.00 € ","  1,184.00 € ",  148.00 € ,  148.00 € 
9735,04564-3607-00,1/15/2021,  384.80 € ,  307.84 € ,  38.48 € ,  38.48 € 
9735,04564-3607-00,2/1/2021,"  1,503.68 € ","  1,207.68 € ",  148.00 € ,  148.00 € 
9735,04564-3607-00,2/15/2021,  390.96 € ,  314.00 € ,  38.48 € ,  38.48 € 
9735,04564-3607-00,3/1/2021,"  1,551.04 € ","  1,255.04 € ",  148.00 € ,  148.00 € 
9735,04564-3607-00,3/15/2021,  403.27 € ,  326.31 € ,  38.48 € ,  38.48 € 
9735,04564-5205-00,1/1/2021,  485.00 € ,  388.00 € ,  48.50 € ,  48.50 € 
9735,04564-5205-00,1/15/2021,  184.30 € ,  147.44 € ,  18.43 € ,  18.43 € 
9735,04564-5205-00,2/1/2021,  492.76 € ,  395.76 € ,  48.50 € ,  48.50 € 
9735,04564-5205-00,2/15/2021,  152.40 € ,  122.40 € ,  15.00 € ,  15.00 € 
9735,04564-5205-00,3/1/2021,  508.28 € ,  411.28 € ,  48.50 € ,  48.50 € 
9735,04564-5205-00,3/15/2021,  193.15 € ,  156.29 € ,  18.43 € ,  18.43 € 
9735,04564-8038-00,1/1/2021,"  1,893.00 € ","  1,514.40 € ",  189.30 € ,  189.30 € 
9735,04564-8038-00,1/15/2021,"  1,438.68 € ","  1,150.94 € ",  143.87 € ,  143.87 € 
9735,04564-8038-00,2/1/2021,"  1,923.29 € ","  1,544.69 € ",  189.30 € ,  189.30 € 
9735,04564-8038-00,2/15/2021,"  1,461.70 € ","  1,173.96 € ",  143.87 € ,  143.87 € 
9735,04564-8038-00,3/1/2021,"  1,983.86 € ","  1,605.26 € ",  189.30 € ,  189.30 € 
9735,04564-8038-00,3/15/2021,"  1,507.74 € ","  1,220.00 € ",  143.87 € ,  143.87 € 
9735,04564-7672-00,1/1/2021,"  1,302.00 € ","  1,041.60 € ",  130.20 € ,  130.20 € 
9735,04564-7672-00,1/15/2021,  364.56 € ,  291.65 € ,  36.46 € ,  36.46 € 
9735,04564-7672-00,2/1/2021,"  1,322.83 € ","  1,062.43 € ",  130.20 € ,  130.20 € 
9735,04564-7672-00,2/15/2021,  370.39 € ,  297.48 € ,  36.46 € ,  36.46 € 
9735,04564-7672-00,3/1/2021,"  1,364.50 € ","  1,104.10 € ",  130.20 € ,  130.20 € 
9735,04564-7672-00,3/15/2021,  382.06 € ,  309.15 € ,  36.46 € ,  36.46 € 
9735,04564-2689-00,1/1/2021,"  1,575.00 € ","  1,260.00 € ",  157.50 € ,  157.50 € 
9735,04564-2689-00,1/15/2021,  567.00 € ,  453.60 € ,  56.70 € ,  56.70 € 
9735,04564-2689-00,2/1/2021,"  1,600.20 € ","  1,285.20 € ",  157.50 € ,  157.50 € 
9735,04564-2689-00,2/15/2021,  576.07 € ,  462.67 € ,  56.70 € ,  56.70 € 
9735,04564-2689-00,3/1/2021,"  1,650.60 € ","  1,335.60 € ",  157.50 € ,  157.50 € 
9735,04564-2689-00,3/15/2021,  594.22 € ,  480.82 € ,  56.70 € ,  56.70 € 
9735,04564-3574-00,1/1/2021,  876.00 € ,  700.80 € ,  87.60 € ,  87.60 € 
9735,04564-3574-00,1/15/2021,  411.72 € ,  329.38 € ,  41.17 € ,  41.17 € 
9735,04564-3574-00,2/1/2021,  890.02 € ,  714.82 € ,  87.60 € ,  87.60 € 
9735,04564-3574-00,2/15/2021,  418.31 € ,  335.96 € ,  41.17 € ,  41.17 € 
9735,04564-3574-00,3/1/2021,  918.05 € ,  742.85 € ,  87.60 € ,  87.60 € 
9735,04564-3574-00,3/15/2021,  431.48 € ,  349.14 € ,  41.17 € ,  41.17 € 
9735,04564-8024-00,1/1/2021,"  1,840.00 € ","  1,472.00 € ",  184.00 € ,  184.00 € 
9735,04564-8024-00,1/15/2021,"  1,472.00 € ","  1,177.60 € ",  147.20 € ,  147.20 € 
9735,04564-8024-00,2/1/2021,"  1,869.44 € ","  1,501.44 € ",  184.00 € ,  184.00 € 
9735,04564-8024-00,2/15/2021,"  1,495.55 € ","  1,201.15 € ",  147.20 € ,  147.20 € 
9735,04564-8024-00,3/1/2021,"  1,928.32 € ","  1,560.32 € ",  184.00 € ,  184.00 € 
9735,04564-8024-00,3/15/2021,"  1,542.66 € ","  1,248.26 € ",  147.20 € ,  147.20 € 
9735,06458-6321-00,1/1/2021,"  1,201.00 € ",  960.80 € ,  120.10 € ,  120.10 € 
9735,06458-6321-00,1/15/2021,  288.24 € ,  230.59 € ,  28.82 € ,  28.82 € 
9735,06458-6321-00,2/1/2021,"  1,220.22 € ",  980.02 € ,  120.10 € ,  120.10 € 
9735,06458-6321-00,2/15/2021,  292.85 € ,  235.20 € ,  28.82 € ,  28.82 € 
9735,06458-6321-00,3/1/2021,"  1,258.65 € ","  1,018.45 € ",  120.10 € ,  120.10 € 
9735,06458-6321-00,3/15/2021,  302.08 € ,  244.43 € ,  28.82 € ,  28.82 € 
9735,06458-4405-00,1/1/2021,  631.00 € ,  504.80 € ,  63.10 € ,  63.10 € 
9735,06458-4405-00,1/15/2021,  252.40 € ,  201.92 € ,  25.24 € ,  25.24 € 
9735,06458-4405-00,2/1/2021,  641.10 € ,  514.90 € ,  63.10 € ,  63.10 € 
9735,06458-4405-00,2/15/2021,  256.44 € ,  205.96 € ,  25.24 € ,  25.24 € 
9735,06458-4405-00,3/1/2021,  661.29 € ,  535.09 € ,  63.10 € ,  63.10 € 
9735,06458-4405-00,3/15/2021,  264.52 € ,  214.04 € ,  25.24 € ,  25.24 € 
9735,06458-7918-00,1/1/2021,  345.00 € ,  276.00 € ,  34.50 € ,  34.50 € 
9735,06458-7918-00,1/15/2021,  220.80 € ,  176.64 € ,  22.08 € ,  22.08 € 
9735,06458-7918-00,2/1/2021,  350.52 € ,  281.52 € ,  34.50 € ,  34.50 € 
9735,06458-7918-00,2/15/2021,  224.33 € ,  180.17 € ,  22.08 € ,  22.08 € 
9735,06458-7918-00,3/1/2021,  361.56 € ,  292.56 € ,  34.50 € ,  34.50 € 
9735,06458-7918-00,3/15/2021,  231.40 € ,  187.24 € ,  22.08 € ,  22.08 € 
9735,06458-7785-00,1/1/2021,"  1,205.00 € ",  964.00 € ,  120.50 € ,  120.50 € 
9735,06458-7785-00,1/15/2021,  939.90 € ,  751.92 € ,  93.99 € ,  93.99 € 
9735,06458-7785-00,2/1/2021,"  1,224.28 € ",  983.28 € ,  120.50 € ,  120.50 € 
9735,06458-7785-00,2/15/2021,  954.94 € ,  766.96 € ,  93.99 € ,  93.99 € 
9735,06458-7785-00,3/1/2021,"  1,262.84 € ","  1,021.84 € ",  120.50 € ,  120.50 € 
9735,06458-7785-00,3/15/2021,  985.02 € ,  797.04 € ,  93.99 € ,  93.99 € 
9735,06458-4780-00,1/1/2021,  763.00 € ,  610.40 € ,  76.30 € ,  76.30 € 
9735,06458-4780-00,1/15/2021,  381.50 € ,  305.20 € ,  38.15 € ,  38.15 € 
9735,06458-4780-00,2/1/2021,  775.21 € ,  622.61 € ,  76.30 € ,  76.30 € 
9735,06458-4780-00,2/15/2021,  387.60 € ,  311.30 € ,  38.15 € ,  38.15 € 
9735,06458-4780-00,3/1/2021,  799.62 € ,  647.02 € ,  76.30 € ,  76.30 € 
9735,06458-4780-00,3/15/2021,  399.81 € ,  323.51 € ,  38.15 € ,  38.15 € 
9735,06458-8042-00,1/1/2021,"  1,829.00 € ","  1,463.20 € ",  182.90 € ,  182.90 € 
9735,06458-8042-00,1/15/2021,  896.21 € ,  716.97 € ,  89.62 € ,  89.62 € 
9735,06458-8042-00,2/1/2021,"  1,858.26 € ","  1,492.46 € ",  182.90 € ,  182.90 € 
9735,06458-8042-00,2/15/2021,  910.55 € ,  731.31 € ,  89.62 € ,  89.62 € 
9735,06458-8042-00,3/1/2021,"  1,916.79 € ","  1,550.99 € ",  182.90 € ,  182.90 € 
9735,06458-8042-00,3/15/2021,  939.23 € ,  759.99 € ,  89.62 € ,  89.62 € 
9735,06458-4748-00,1/1/2021,"  1,297.00 € ","  1,037.60 € ",  129.70 € ,  129.70 € 
9735,06458-4748-00,1/15/2021,  505.83 € ,  404.66 € ,  50.58 € ,  50.58 € 
9735,06458-4748-00,2/1/2021,"  1,317.75 € ","  1,058.35 € ",  129.70 € ,  129.70 € 
9735,06458-4748-00,2/15/2021,  513.92 € ,  412.76 € ,  50.58 € ,  50.58 € 
9735,06458-4748-00,3/1/2021,"  1,359.26 € ","  1,099.86 € ",  129.70 € ,  129.70 € 
9735,06458-4748-00,3/15/2021,  530.11 € ,  428.94 € ,  50.58 € ,  50.58 € 
9735,06458-3860-00,1/1/2021,  204.00 € ,  163.20 € ,  20.40 € ,  20.40 € 
9735,06458-3860-00,1/15/2021,  71.40 € ,  57.12 € ,  7.14 € ,  7.14 € 
9735,06458-3860-00,2/1/2021,  207.26 € ,  166.46 € ,  20.40 € ,  20.40 € 
9735,06458-3860-00,2/15/2021,  72.54 € ,  58.26 € ,  7.14 € ,  7.14 € 
9735,06458-3860-00,3/1/2021,  213.79 € ,  172.99 € ,  20.40 € ,  20.40 € 
9735,06458-3860-00,3/15/2021,  74.83 € ,  60.55 € ,  7.14 € ,  7.14 € 
9735,06458-2274-00,1/1/2021,"  1,720.00 € ","  1,376.00 € ",  172.00 € ,  172.00 € 
9735,06458-2274-00,1/15/2021,"  1,358.80 € ","  1,087.04 € ",  135.88 € ,  135.88 € 
9735,06458-2274-00,2/1/2021,"  1,747.52 € ","  1,403.52 € ",  172.00 € ,  172.00 € 
9735,06458-2274-00,2/15/2021,"  1,380.54 € ","  1,108.78 € ",  135.88 € ,  135.88 € 
9735,06458-2274-00,3/1/2021,"  1,802.56 € ","  1,458.56 € ",  172.00 € ,  172.00 € 
9735,06458-2274-00,3/15/2021,"  1,424.02 € ","  1,152.26 € ",  135.88 € ,  135.88 € 